host_time,voltage_v,current_ma,power_mw,total_energy_mj,raw
1779398281.386719,,,156.0,0.16,Power(mW):156.00	Total_Energy(mJ):0.16
1779398281.395522,,,154.0,2.31,Power(mW):154.00	Total_Energy(mJ):2.31
1779398281.4079082,,,154.0,4.16,Power(mW):154.00	Total_Energy(mJ):4.16
1779398281.419853,,,154.0,6.01,Power(mW):154.00	Total_Energy(mJ):6.01
1779398281.43214,,,154.0,7.86,Power(mW):154.00	Total_Energy(mJ):7.86
1779398281.444144,,,154.0,9.86,Power(mW):154.00	Total_Energy(mJ):9.86
1779398281.456304,,,154.0,11.71,Power(mW):154.00	Total_Energy(mJ):11.71
1779398281.4686751,,,154.0,13.55,Power(mW):154.00	Total_Energy(mJ):13.55
1779398281.48093,,,154.0,15.4,Power(mW):154.00	Total_Energy(mJ):15.40
1779398281.492877,,,154.0,17.25,Power(mW):154.00	Total_Energy(mJ):17.25
1779398281.50518,,,154.0,19.1,Power(mW):154.00	Total_Energy(mJ):19.10
1779398281.517474,,,154.0,20.95,Power(mW):154.00	Total_Energy(mJ):20.95
1779398281.5297449,,,156.0,22.97,Power(mW):156.00	Total_Energy(mJ):22.97
1779398281.541787,,,154.0,24.82,Power(mW):154.00	Total_Energy(mJ):24.82
1779398281.5539808,,,452.0,30.25,Power(mW):452.00	Total_Energy(mJ):30.25
1779398281.5662668,,,154.0,32.25,Power(mW):154.00	Total_Energy(mJ):32.25
1779398281.5781891,,,154.0,34.1,Power(mW):154.00	Total_Energy(mJ):34.10
1779398281.5905411,,,154.0,35.94,Power(mW):154.00	Total_Energy(mJ):35.94
1779398281.602876,,,154.0,37.64,Power(mW):154.00	Total_Energy(mJ):37.64
1779398281.6150699,,,154.0,39.64,Power(mW):154.00	Total_Energy(mJ):39.64
1779398281.627063,,,154.0,41.49,Power(mW):154.00	Total_Energy(mJ):41.49
1779398281.639308,,,154.0,43.34,Power(mW):154.00	Total_Energy(mJ):43.34
1779398281.651587,,,185.0,45.74,Power(mW):185.00	Total_Energy(mJ):45.74
1779398281.6635242,,,156.0,47.61,Power(mW):156.00	Total_Energy(mJ):47.61
1779398281.675854,,,154.0,49.46,Power(mW):154.00	Total_Energy(mJ):49.46
1779398281.688051,,,154.0,51.31,Power(mW):154.00	Total_Energy(mJ):51.31
1779398281.7004192,,,154.0,53.31,Power(mW):154.00	Total_Energy(mJ):53.31
1779398281.712235,,,154.0,55.16,Power(mW):154.00	Total_Energy(mJ):55.16
1779398281.7245288,,,154.0,57.01,Power(mW):154.00	Total_Energy(mJ):57.01
1779398281.736843,,,154.0,58.85,Power(mW):154.00	Total_Energy(mJ):58.85
1779398281.749234,,,154.0,60.7,Power(mW):154.00	Total_Energy(mJ):60.70
1779398281.761217,,,529.0,67.05,Power(mW):529.00	Total_Energy(mJ):67.05
1779398281.773521,,,493.0,72.97,Power(mW):493.00	Total_Energy(mJ):72.97
1779398281.785726,,,511.0,79.61,Power(mW):511.00	Total_Energy(mJ):79.61
1779398281.797668,,,475.0,85.31,Power(mW):475.00	Total_Energy(mJ):85.31
1779398281.809937,,,477.0,91.03,Power(mW):477.00	Total_Energy(mJ):91.03
1779398281.822214,,,477.0,97.23,Power(mW):477.00	Total_Energy(mJ):97.23
1779398281.834454,,,475.0,102.93,Power(mW):475.00	Total_Energy(mJ):102.93
1779398281.8467882,,,474.0,108.62,Power(mW):474.00	Total_Energy(mJ):108.62
1779398281.859144,,,474.0,114.31,Power(mW):474.00	Total_Energy(mJ):114.31
1779398281.870965,,,154.0,116.31,Power(mW):154.00	Total_Energy(mJ):116.31
1779398281.883426,,,154.0,118.16,Power(mW):154.00	Total_Energy(mJ):118.16
1779398281.895617,,,154.0,119.85,Power(mW):154.00	Total_Energy(mJ):119.85
1779398281.907939,,,154.0,121.86,Power(mW):154.00	Total_Energy(mJ):121.86
1779398281.920225,,,154.0,123.7,Power(mW):154.00	Total_Energy(mJ):123.70
1779398281.932472,,,154.0,125.55,Power(mW):154.00	Total_Energy(mJ):125.55
1779398281.944818,,,154.0,127.4,Power(mW):154.00	Total_Energy(mJ):127.40
1779398281.957118,,,154.0,129.4,Power(mW):154.00	Total_Energy(mJ):129.40
1779398281.969038,,,154.0,131.25,Power(mW):154.00	Total_Energy(mJ):131.25
1779398281.981312,,,154.0,133.1,Power(mW):154.00	Total_Energy(mJ):133.10
1779398281.993633,,,154.0,135.1,Power(mW):154.00	Total_Energy(mJ):135.10
1779398282.005898,,,154.0,136.95,Power(mW):154.00	Total_Energy(mJ):136.95
1779398282.018201,,,154.0,138.8,Power(mW):154.00	Total_Energy(mJ):138.80
1779398282.030466,,,154.0,140.65,Power(mW):154.00	Total_Energy(mJ):140.65
1779398282.042772,,,159.0,142.71,Power(mW):159.00	Total_Energy(mJ):142.71
1779398282.054736,,,154.0,144.56,Power(mW):154.00	Total_Energy(mJ):144.56
1779398282.067033,,,514.0,150.73,Power(mW):514.00	Total_Energy(mJ):150.73
1779398282.0793269,,,154.0,152.73,Power(mW):154.00	Total_Energy(mJ):152.73
1779398282.091591,,,154.0,154.58,Power(mW):154.00	Total_Energy(mJ):154.58
1779398282.10387,,,154.0,156.43,Power(mW):154.00	Total_Energy(mJ):156.43
1779398282.116148,,,154.0,158.27,Power(mW):154.00	Total_Energy(mJ):158.27
1779398282.128651,,,154.0,160.28,Power(mW):154.00	Total_Energy(mJ):160.28
1779398282.140814,,,154.0,162.12,Power(mW):154.00	Total_Energy(mJ):162.12
1779398282.153041,,,154.0,163.97,Power(mW):154.00	Total_Energy(mJ):163.97
1779398282.164944,,,310.0,168.0,Power(mW):310.00	Total_Energy(mJ):168.00
1779398282.177241,,,472.0,173.19,Power(mW):472.00	Total_Energy(mJ):173.19
1779398282.189533,,,475.0,178.89,Power(mW):475.00	Total_Energy(mJ):178.89
1779398282.2018318,,,459.0,184.4,Power(mW):459.00	Total_Energy(mJ):184.40
1779398282.2141562,,,474.0,190.56,Power(mW):474.00	Total_Energy(mJ):190.56
1779398282.226408,,,474.0,196.25,Power(mW):474.00	Total_Energy(mJ):196.25
1779398282.238688,,,474.0,201.94,Power(mW):474.00	Total_Energy(mJ):201.94
1779398282.251029,,,474.0,208.1,Power(mW):474.00	Total_Energy(mJ):208.10
1779398282.262939,,,472.0,213.77,Power(mW):472.00	Total_Energy(mJ):213.77
1779398282.275229,,,156.0,215.64,Power(mW):156.00	Total_Energy(mJ):215.64
1779398282.2875059,,,154.0,217.49,Power(mW):154.00	Total_Energy(mJ):217.49
1779398282.2997031,,,154.0,219.49,Power(mW):154.00	Total_Energy(mJ):219.49
1779398282.3120582,,,154.0,221.34,Power(mW):154.00	Total_Energy(mJ):221.34
1779398282.3243809,,,154.0,223.18,Power(mW):154.00	Total_Energy(mJ):223.18
1779398282.336618,,,154.0,225.19,Power(mW):154.00	Total_Energy(mJ):225.19
1779398282.348929,,,154.0,227.03,Power(mW):154.00	Total_Energy(mJ):227.03
1779398282.360876,,,154.0,228.88,Power(mW):154.00	Total_Energy(mJ):228.88
1779398282.373178,,,454.0,234.78,Power(mW):454.00	Total_Energy(mJ):234.78
1779398282.3854878,,,154.0,236.63,Power(mW):154.00	Total_Energy(mJ):236.63
1779398282.397783,,,154.0,238.48,Power(mW):154.00	Total_Energy(mJ):238.48
1779398282.4100978,,,154.0,240.33,Power(mW):154.00	Total_Energy(mJ):240.33
1779398282.422317,,,154.0,242.33,Power(mW):154.00	Total_Energy(mJ):242.33
1779398282.434603,,,154.0,244.18,Power(mW):154.00	Total_Energy(mJ):244.18
1779398282.4468942,,,154.0,246.03,Power(mW):154.00	Total_Energy(mJ):246.03
1779398282.45876,,,154.0,248.03,Power(mW):154.00	Total_Energy(mJ):248.03
1779398282.47123,,,292.0,251.24,Power(mW):292.00	Total_Energy(mJ):251.24
1779398282.4834251,,,154.0,253.09,Power(mW):154.00	Total_Energy(mJ):253.09
1779398282.495706,,,154.0,254.94,Power(mW):154.00	Total_Energy(mJ):254.94
1779398282.507987,,,154.0,256.94,Power(mW):154.00	Total_Energy(mJ):256.94
1779398282.520267,,,154.0,258.79,Power(mW):154.00	Total_Energy(mJ):258.79
1779398282.532578,,,154.0,260.63,Power(mW):154.00	Total_Energy(mJ):260.63
1779398282.544857,,,154.0,262.64,Power(mW):154.00	Total_Energy(mJ):262.64
1779398282.5571342,,,154.0,264.48,Power(mW):154.00	Total_Energy(mJ):264.48
1779398282.569089,,,154.0,266.33,Power(mW):154.00	Total_Energy(mJ):266.33
1779398282.581418,,,154.0,268.18,Power(mW):154.00	Total_Energy(mJ):268.18
1779398282.593835,,,154.0,270.18,Power(mW):154.00	Total_Energy(mJ):270.18
1779398282.605985,,,154.0,272.03,Power(mW):154.00	Total_Energy(mJ):272.03
1779398282.6182358,,,154.0,273.88,Power(mW):154.00	Total_Energy(mJ):273.88
1779398282.6305332,,,154.0,275.88,Power(mW):154.00	Total_Energy(mJ):275.88
1779398282.6428108,,,159.0,277.79,Power(mW):159.00	Total_Energy(mJ):277.79
1779398282.654739,,,154.0,279.64,Power(mW):154.00	Total_Energy(mJ):279.64
1779398282.66697,,,154.0,281.48,Power(mW):154.00	Total_Energy(mJ):281.48
1779398282.6793559,,,454.0,287.39,Power(mW):454.00	Total_Energy(mJ):287.39
1779398282.691621,,,154.0,289.23,Power(mW):154.00	Total_Energy(mJ):289.23
1779398282.7039201,,,154.0,291.08,Power(mW):154.00	Total_Energy(mJ):291.08
1779398282.7161942,,,154.0,293.08,Power(mW):154.00	Total_Energy(mJ):293.08
1779398282.728481,,,154.0,294.93,Power(mW):154.00	Total_Energy(mJ):294.93
1779398282.7407749,,,154.0,296.78,Power(mW):154.00	Total_Energy(mJ):296.78
1779398282.7530591,,,154.0,298.63,Power(mW):154.00	Total_Energy(mJ):298.63
1779398282.764967,,,154.0,300.48,Power(mW):154.00	Total_Energy(mJ):300.48
1779398282.777303,,,154.0,302.32,Power(mW):154.00	Total_Energy(mJ):302.32
1779398282.7895849,,,154.0,304.17,Power(mW):154.00	Total_Energy(mJ):304.17
1779398282.801867,,,154.0,306.17,Power(mW):154.00	Total_Energy(mJ):306.17
1779398282.8141482,,,154.0,308.02,Power(mW):154.00	Total_Energy(mJ):308.02
1779398282.826443,,,154.0,309.87,Power(mW):154.00	Total_Energy(mJ):309.87
1779398282.838913,,,154.0,311.72,Power(mW):154.00	Total_Energy(mJ):311.72
1779398282.85123,,,154.0,313.72,Power(mW):154.00	Total_Energy(mJ):313.72
1779398282.862995,,,154.0,315.57,Power(mW):154.00	Total_Energy(mJ):315.57
1779398282.875278,,,154.0,317.42,Power(mW):154.00	Total_Energy(mJ):317.42
1779398282.887553,,,290.0,321.19,Power(mW):290.00	Total_Energy(mJ):321.19
1779398282.899842,,,154.0,323.03,Power(mW):154.00	Total_Energy(mJ):323.03
1779398282.912143,,,154.0,324.88,Power(mW):154.00	Total_Energy(mJ):324.88
1779398282.9244359,,,154.0,326.73,Power(mW):154.00	Total_Energy(mJ):326.73
1779398282.936706,,,154.0,328.73,Power(mW):154.00	Total_Energy(mJ):328.73
1779398282.9489841,,,154.0,330.58,Power(mW):154.00	Total_Energy(mJ):330.58
1779398282.9612448,,,154.0,332.43,Power(mW):154.00	Total_Energy(mJ):332.43
1779398282.973195,,,154.0,334.43,Power(mW):154.00	Total_Energy(mJ):334.43
1779398282.985474,,,487.0,340.27,Power(mW):487.00	Total_Energy(mJ):340.27
1779398282.9977741,,,154.0,342.12,Power(mW):154.00	Total_Energy(mJ):342.12
1779398283.010051,,,154.0,343.97,Power(mW):154.00	Total_Energy(mJ):343.97
1779398283.022401,,,154.0,345.97,Power(mW):154.00	Total_Energy(mJ):345.97
1779398283.034656,,,154.0,347.82,Power(mW):154.00	Total_Energy(mJ):347.82
1779398283.0469508,,,154.0,349.67,Power(mW):154.00	Total_Energy(mJ):349.67
1779398283.059299,,,154.0,351.52,Power(mW):154.00	Total_Energy(mJ):351.52
1779398283.071184,,,154.0,353.36,Power(mW):154.00	Total_Energy(mJ):353.36
1779398283.083471,,,154.0,355.21,Power(mW):154.00	Total_Energy(mJ):355.21
1779398283.0957491,,,154.0,357.06,Power(mW):154.00	Total_Energy(mJ):357.06
1779398283.108026,,,154.0,359.06,Power(mW):154.00	Total_Energy(mJ):359.06
1779398283.120331,,,154.0,360.91,Power(mW):154.00	Total_Energy(mJ):360.91
1779398283.1325738,,,154.0,362.76,Power(mW):154.00	Total_Energy(mJ):362.76
1779398283.144897,,,154.0,364.76,Power(mW):154.00	Total_Energy(mJ):364.76
1779398283.15716,,,154.0,366.61,Power(mW):154.00	Total_Energy(mJ):366.61
1779398283.1691031,,,154.0,368.46,Power(mW):154.00	Total_Energy(mJ):368.46
1779398283.181395,,,154.0,370.3,Power(mW):154.00	Total_Energy(mJ):370.30
1779398283.193676,,,529.0,377.18,Power(mW):529.00	Total_Energy(mJ):377.18
1779398283.2059572,,,154.0,379.03,Power(mW):154.00	Total_Energy(mJ):379.03
1779398283.218285,,,154.0,380.88,Power(mW):154.00	Total_Energy(mJ):380.88
1779398283.2305439,,,154.0,382.88,Power(mW):154.00	Total_Energy(mJ):382.88
1779398283.2428439,,,159.0,384.79,Power(mW):159.00	Total_Energy(mJ):384.79
1779398283.255137,,,154.0,386.63,Power(mW):154.00	Total_Energy(mJ):386.63
1779398283.267096,,,154.0,388.48,Power(mW):154.00	Total_Energy(mJ):388.48
1779398283.2793422,,,154.0,390.48,Power(mW):154.00	Total_Energy(mJ):390.48
1779398283.291689,,,311.0,394.22,Power(mW):311.00	Total_Energy(mJ):394.22
1779398283.303849,,,154.0,396.06,Power(mW):154.00	Total_Energy(mJ):396.06
1779398283.316373,,,154.0,398.07,Power(mW):154.00	Total_Energy(mJ):398.07
1779398283.328525,,,154.0,399.91,Power(mW):154.00	Total_Energy(mJ):399.91
1779398283.3407948,,,154.0,401.76,Power(mW):154.00	Total_Energy(mJ):401.76
1779398283.353088,,,154.0,403.46,Power(mW):154.00	Total_Energy(mJ):403.46
1779398283.365047,,,154.0,405.46,Power(mW):154.00	Total_Energy(mJ):405.46
1779398283.377325,,,154.0,407.31,Power(mW):154.00	Total_Energy(mJ):407.31
1779398283.389607,,,154.0,409.15,Power(mW):154.00	Total_Energy(mJ):409.15
1779398283.401958,,,472.0,415.29,Power(mW):472.00	Total_Energy(mJ):415.29
1779398283.4142132,,,472.0,420.95,Power(mW):472.00	Total_Energy(mJ):420.95
1779398283.426504,,,470.0,426.59,Power(mW):470.00	Total_Energy(mJ):426.59
1779398283.4387672,,,472.0,432.26,Power(mW):472.00	Total_Energy(mJ):432.26
1779398283.451107,,,472.0,438.39,Power(mW):472.00	Total_Energy(mJ):438.39
1779398283.463464,,,472.0,444.06,Power(mW):472.00	Total_Energy(mJ):444.06
1779398283.475306,,,475.0,449.76,Power(mW):475.00	Total_Energy(mJ):449.76
1779398283.487678,,,154.0,451.76,Power(mW):154.00	Total_Energy(mJ):451.76
1779398283.5000892,,,472.0,457.42,Power(mW):472.00	Total_Energy(mJ):457.42
1779398283.5121999,,,154.0,459.27,Power(mW):154.00	Total_Energy(mJ):459.27
1779398283.524448,,,154.0,461.12,Power(mW):154.00	Total_Energy(mJ):461.12
1779398283.536761,,,154.0,463.12,Power(mW):154.00	Total_Energy(mJ):463.12
1779398283.549033,,,154.0,464.97,Power(mW):154.00	Total_Energy(mJ):464.97
1779398283.5613272,,,154.0,466.82,Power(mW):154.00	Total_Energy(mJ):466.82
1779398283.5736582,,,154.0,468.82,Power(mW):154.00	Total_Energy(mJ):468.82
1779398283.585548,,,159.0,470.73,Power(mW):159.00	Total_Energy(mJ):470.73
1779398283.597952,,,308.0,474.42,Power(mW):308.00	Total_Energy(mJ):474.42
1779398283.610087,,,159.0,476.33,Power(mW):159.00	Total_Energy(mJ):476.33
1779398283.622371,,,154.0,478.33,Power(mW):154.00	Total_Energy(mJ):478.33
1779398283.634701,,,154.0,480.18,Power(mW):154.00	Total_Energy(mJ):480.18
1779398283.646975,,,154.0,482.03,Power(mW):154.00	Total_Energy(mJ):482.03
1779398283.65925,,,154.0,483.88,Power(mW):154.00	Total_Energy(mJ):483.88
1779398283.671529,,,154.0,485.73,Power(mW):154.00	Total_Energy(mJ):485.73
1779398283.683485,,,154.0,487.57,Power(mW):154.00	Total_Energy(mJ):487.57
1779398283.695821,,,154.0,489.42,Power(mW):154.00	Total_Energy(mJ):489.42
1779398283.708101,,,624.0,497.53,Power(mW):624.00	Total_Energy(mJ):497.53
1779398283.720385,,,477.0,503.26,Power(mW):477.00	Total_Energy(mJ):503.26
1779398283.7326431,,,475.0,508.96,Power(mW):475.00	Total_Energy(mJ):508.96
1779398283.745086,,,472.0,515.09,Power(mW):472.00	Total_Energy(mJ):515.09
1779398283.757121,,,472.0,520.76,Power(mW):472.00	Total_Energy(mJ):520.76
1779398283.769378,,,472.0,526.42,Power(mW):472.00	Total_Energy(mJ):526.42
1779398283.7818089,,,472.0,532.56,Power(mW):472.00	Total_Energy(mJ):532.56
1779398283.793605,,,154.0,534.41,Power(mW):154.00	Total_Energy(mJ):534.41
1779398283.8059268,,,475.0,540.11,Power(mW):475.00	Total_Energy(mJ):540.11
1779398283.818244,,,154.0,541.95,Power(mW):154.00	Total_Energy(mJ):541.95
1779398283.8304808,,,154.0,543.96,Power(mW):154.00	Total_Energy(mJ):543.96
1779398283.842818,,,154.0,545.8,Power(mW):154.00	Total_Energy(mJ):545.80
1779398283.8550642,,,154.0,547.65,Power(mW):154.00	Total_Energy(mJ):547.65
1779398283.867359,,,154.0,549.66,Power(mW):154.00	Total_Energy(mJ):549.66
1779398283.8796842,,,154.0,551.5,Power(mW):154.00	Total_Energy(mJ):551.50
1779398283.891542,,,154.0,553.35,Power(mW):154.00	Total_Energy(mJ):553.35
1779398283.903937,,,154.0,555.2,Power(mW):154.00	Total_Energy(mJ):555.20
1779398283.9162052,,,154.0,557.2,Power(mW):154.00	Total_Energy(mJ):557.20
1779398283.9284868,,,154.0,559.05,Power(mW):154.00	Total_Energy(mJ):559.05
1779398283.9408052,,,154.0,560.9,Power(mW):154.00	Total_Energy(mJ):560.90
1779398283.9530602,,,154.0,562.75,Power(mW):154.00	Total_Energy(mJ):562.75
1779398283.9653702,,,154.0,564.59,Power(mW):154.00	Total_Energy(mJ):564.59
1779398283.977586,,,154.0,566.44,Power(mW):154.00	Total_Energy(mJ):566.44
1779398283.989582,,,154.0,568.29,Power(mW):154.00	Total_Energy(mJ):568.29
1779398284.0019891,,,154.0,570.29,Power(mW):154.00	Total_Energy(mJ):570.29
1779398284.0142562,,,157.0,572.18,Power(mW):157.00	Total_Energy(mJ):572.18
1779398284.026502,,,154.0,574.02,Power(mW):154.00	Total_Energy(mJ):574.02
1779398284.038754,,,154.0,576.03,Power(mW):154.00	Total_Energy(mJ):576.03
1779398284.051117,,,154.0,577.87,Power(mW):154.00	Total_Energy(mJ):577.87
1779398284.063393,,,154.0,579.72,Power(mW):154.00	Total_Energy(mJ):579.72
1779398284.07569,,,154.0,581.57,Power(mW):154.00	Total_Energy(mJ):581.57
1779398284.087682,,,154.0,583.57,Power(mW):154.00	Total_Energy(mJ):583.57
1779398284.099896,,,154.0,585.42,Power(mW):154.00	Total_Energy(mJ):585.42
1779398284.11219,,,472.0,591.08,Power(mW):472.00	Total_Energy(mJ):591.08
1779398284.1244621,,,580.0,598.62,Power(mW):580.00	Total_Energy(mJ):598.62
1779398284.136766,,,474.0,604.31,Power(mW):474.00	Total_Energy(mJ):604.31
1779398284.1490471,,,472.0,609.98,Power(mW):472.00	Total_Energy(mJ):609.98
1779398284.161323,,,474.0,615.66,Power(mW):474.00	Total_Energy(mJ):615.66
1779398284.173665,,,474.0,621.83,Power(mW):474.00	Total_Energy(mJ):621.83
1779398284.185916,,,474.0,627.51,Power(mW):474.00	Total_Energy(mJ):627.51
1779398284.197879,,,474.0,633.2,Power(mW):474.00	Total_Energy(mJ):633.20
1779398284.21015,,,470.0,639.31,Power(mW):470.00	Total_Energy(mJ):639.31
1779398284.2224588,,,474.0,645.0,Power(mW):474.00	Total_Energy(mJ):645.00
1779398284.234758,,,477.0,650.72,Power(mW):477.00	Total_Energy(mJ):650.72
1779398284.247066,,,474.0,656.41,Power(mW):474.00	Total_Energy(mJ):656.41
1779398284.2592971,,,475.0,662.59,Power(mW):475.00	Total_Energy(mJ):662.59
1779398284.271607,,,474.0,667.8,Power(mW):474.00	Total_Energy(mJ):667.80
1779398284.2838788,,,474.0,673.49,Power(mW):474.00	Total_Energy(mJ):673.49
1779398284.296185,,,474.0,679.65,Power(mW):474.00	Total_Energy(mJ):679.65
1779398284.308316,,,474.0,685.34,Power(mW):474.00	Total_Energy(mJ):685.34
1779398284.320383,,,469.0,690.97,Power(mW):469.00	Total_Energy(mJ):690.97
1779398284.332672,,,477.0,696.69,Power(mW):477.00	Total_Energy(mJ):696.69
1779398284.3450072,,,474.0,702.85,Power(mW):474.00	Total_Energy(mJ):702.85
1779398284.357265,,,474.0,708.54,Power(mW):474.00	Total_Energy(mJ):708.54
1779398284.369531,,,477.0,714.26,Power(mW):477.00	Total_Energy(mJ):714.26
1779398284.3818371,,,477.0,720.47,Power(mW):477.00	Total_Energy(mJ):720.47
1779398284.3941739,,,474.0,726.15,Power(mW):474.00	Total_Energy(mJ):726.15
1779398284.406517,,,474.0,731.84,Power(mW):474.00	Total_Energy(mJ):731.84
1779398284.41871,,,474.0,737.53,Power(mW):474.00	Total_Energy(mJ):737.53
1779398284.4309618,,,474.0,743.69,Power(mW):474.00	Total_Energy(mJ):743.69
1779398284.443037,,,474.0,749.38,Power(mW):474.00	Total_Energy(mJ):749.38
1779398284.4553459,,,474.0,755.07,Power(mW):474.00	Total_Energy(mJ):755.07
1779398284.4674911,,,474.0,761.23,Power(mW):474.00	Total_Energy(mJ):761.23
1779398284.4797828,,,474.0,766.92,Power(mW):474.00	Total_Energy(mJ):766.92
1779398284.492059,,,477.0,772.64,Power(mW):477.00	Total_Energy(mJ):772.64
1779398284.50438,,,477.0,778.37,Power(mW):477.00	Total_Energy(mJ):778.37
1779398284.5166578,,,477.0,784.57,Power(mW):477.00	Total_Energy(mJ):784.57
1779398284.528953,,,475.0,790.27,Power(mW):475.00	Total_Energy(mJ):790.27
1779398284.54123,,,478.0,796.0,Power(mW):478.00	Total_Energy(mJ):796.00
1779398284.553173,,,474.0,802.16,Power(mW):474.00	Total_Energy(mJ):802.16
1779398284.565471,,,475.0,807.86,Power(mW):475.00	Total_Energy(mJ):807.86
1779398284.577754,,,474.0,813.55,Power(mW):474.00	Total_Energy(mJ):813.55
1779398284.589878,,,474.0,819.24,Power(mW):474.00	Total_Energy(mJ):819.24
1779398284.602224,,,474.0,825.4,Power(mW):474.00	Total_Energy(mJ):825.40
1779398284.614582,,,474.0,830.62,Power(mW):474.00	Total_Energy(mJ):830.62
1779398284.6269078,,,474.0,836.3,Power(mW):474.00	Total_Energy(mJ):836.30
1779398284.6391602,,,477.0,842.51,Power(mW):477.00	Total_Energy(mJ):842.51
1779398284.6514418,,,474.0,848.19,Power(mW):474.00	Total_Energy(mJ):848.19
1779398284.6637561,,,474.0,853.88,Power(mW):474.00	Total_Energy(mJ):853.88
1779398284.67616,,,474.0,859.57,Power(mW):474.00	Total_Energy(mJ):859.57
1779398284.6879842,,,475.0,865.74,Power(mW):475.00	Total_Energy(mJ):865.74
1779398284.700295,,,475.0,871.44,Power(mW):475.00	Total_Energy(mJ):871.44
1779398284.712565,,,475.0,877.14,Power(mW):475.00	Total_Energy(mJ):877.14
1779398284.724861,,,477.0,883.34,Power(mW):477.00	Total_Energy(mJ):883.34
1779398284.7371142,,,474.0,889.03,Power(mW):474.00	Total_Energy(mJ):889.03
1779398284.749417,,,477.0,894.76,Power(mW):477.00	Total_Energy(mJ):894.76
1779398284.761746,,,477.0,900.48,Power(mW):477.00	Total_Energy(mJ):900.48
1779398284.7739599,,,477.0,906.68,Power(mW):477.00	Total_Energy(mJ):906.68
1779398284.786293,,,526.0,912.99,Power(mW):526.00	Total_Energy(mJ):912.99
1779398284.798184,,,495.0,918.93,Power(mW):495.00	Total_Energy(mJ):918.93
1779398284.810483,,,495.0,925.37,Power(mW):495.00	Total_Energy(mJ):925.37
1779398284.822904,,,495.0,931.31,Power(mW):495.00	Total_Energy(mJ):931.31
1779398284.835039,,,495.0,937.25,Power(mW):495.00	Total_Energy(mJ):937.25
1779398284.847348,,,495.0,943.19,Power(mW):495.00	Total_Energy(mJ):943.19
1779398284.8595939,,,495.0,949.62,Power(mW):495.00	Total_Energy(mJ):949.62
1779398284.871906,,,495.0,955.56,Power(mW):495.00	Total_Energy(mJ):955.56
1779398284.884266,,,496.0,961.52,Power(mW):496.00	Total_Energy(mJ):961.52
1779398284.896676,,,495.0,967.95,Power(mW):495.00	Total_Energy(mJ):967.95
1779398284.908468,,,495.0,973.89,Power(mW):495.00	Total_Energy(mJ):973.89
1779398284.920778,,,496.0,979.84,Power(mW):496.00	Total_Energy(mJ):979.84
1779398284.93298,,,496.0,986.29,Power(mW):496.00	Total_Energy(mJ):986.29
1779398284.945289,,,495.0,992.23,Power(mW):495.00	Total_Energy(mJ):992.23
1779398284.9576252,,,495.0,997.68,Power(mW):495.00	Total_Energy(mJ):997.68
1779398284.96985,,,496.0,1003.63,Power(mW):496.00	Total_Energy(mJ):1003.63
1779398284.9822211,,,496.0,1010.08,Power(mW):496.00	Total_Energy(mJ):1010.08
1779398284.994499,,,495.0,1016.51,Power(mW):495.00	Total_Energy(mJ):1016.51
1779398285.006824,,,495.0,1022.45,Power(mW):495.00	Total_Energy(mJ):1022.45
1779398285.019428,,,495.0,1028.89,Power(mW):495.00	Total_Energy(mJ):1028.89
1779398285.031727,,,493.0,1034.8,Power(mW):493.00	Total_Energy(mJ):1034.80
1779398285.0439942,,,495.0,1040.74,Power(mW):495.00	Total_Energy(mJ):1040.74
1779398285.056271,,,495.0,1046.68,Power(mW):495.00	Total_Energy(mJ):1046.68
1779398285.068607,,,495.0,1053.12,Power(mW):495.00	Total_Energy(mJ):1053.12
1779398285.080835,,,495.0,1059.06,Power(mW):495.00	Total_Energy(mJ):1059.06
1779398285.093171,,,488.0,1064.91,Power(mW):488.00	Total_Energy(mJ):1064.91
1779398285.105421,,,495.0,1071.35,Power(mW):495.00	Total_Energy(mJ):1071.35
1779398285.1177092,,,485.0,1077.17,Power(mW):485.00	Total_Energy(mJ):1077.17
1779398285.1299992,,,495.0,1083.11,Power(mW):495.00	Total_Energy(mJ):1083.11
1779398285.142297,,,493.0,1089.02,Power(mW):493.00	Total_Energy(mJ):1089.02
1779398285.154593,,,500.0,1095.52,Power(mW):500.00	Total_Energy(mJ):1095.52
1779398285.166868,,,495.0,1101.46,Power(mW):495.00	Total_Energy(mJ):1101.46
1779398285.179163,,,495.0,1107.4,Power(mW):495.00	Total_Energy(mJ):1107.40
1779398285.1914518,,,495.0,1113.84,Power(mW):495.00	Total_Energy(mJ):1113.84
1779398285.2037601,,,495.0,1119.78,Power(mW):495.00	Total_Energy(mJ):1119.78
1779398285.2160032,,,495.0,1125.72,Power(mW):495.00	Total_Energy(mJ):1125.72
1779398285.228308,,,495.0,1131.66,Power(mW):495.00	Total_Energy(mJ):1131.66
1779398285.2407649,,,495.0,1138.09,Power(mW):495.00	Total_Energy(mJ):1138.09
1779398285.253064,,,495.0,1144.03,Power(mW):495.00	Total_Energy(mJ):1144.03
1779398285.265407,,,495.0,1149.97,Power(mW):495.00	Total_Energy(mJ):1149.97
1779398285.277555,,,495.0,1156.41,Power(mW):495.00	Total_Energy(mJ):1156.41
1779398285.289872,,,495.0,1162.35,Power(mW):495.00	Total_Energy(mJ):1162.35
1779398285.302078,,,495.0,1168.29,Power(mW):495.00	Total_Energy(mJ):1168.29
1779398285.314373,,,495.0,1174.23,Power(mW):495.00	Total_Energy(mJ):1174.23
1779398285.326474,,,495.0,1180.66,Power(mW):495.00	Total_Energy(mJ):1180.66
1779398285.338908,,,495.0,1186.6,Power(mW):495.00	Total_Energy(mJ):1186.60
1779398285.351645,,,495.0,1192.54,Power(mW):495.00	Total_Energy(mJ):1192.54
1779398285.363806,,,500.0,1199.04,Power(mW):500.00	Total_Energy(mJ):1199.04
1779398285.3760798,,,500.0,1205.04,Power(mW):500.00	Total_Energy(mJ):1205.04
1779398285.388376,,,496.0,1211.0,Power(mW):496.00	Total_Energy(mJ):1211.00
1779398285.4006689,,,496.0,1216.95,Power(mW):496.00	Total_Energy(mJ):1216.95
1779398285.4129689,,,496.0,1223.4,Power(mW):496.00	Total_Energy(mJ):1223.40
1779398285.425245,,,490.0,1229.28,Power(mW):490.00	Total_Energy(mJ):1229.28
1779398285.437546,,,495.0,1235.22,Power(mW):495.00	Total_Energy(mJ):1235.22
1779398285.449826,,,495.0,1241.65,Power(mW):495.00	Total_Energy(mJ):1241.65
1779398285.462126,,,495.0,1247.59,Power(mW):495.00	Total_Energy(mJ):1247.59
1779398285.474415,,,493.0,1253.51,Power(mW):493.00	Total_Energy(mJ):1253.51
1779398285.48668,,,495.0,1259.45,Power(mW):495.00	Total_Energy(mJ):1259.45
1779398285.499,,,495.0,1265.88,Power(mW):495.00	Total_Energy(mJ):1265.88
1779398285.5112681,,,495.0,1271.82,Power(mW):495.00	Total_Energy(mJ):1271.82
1779398285.5235672,,,495.0,1277.76,Power(mW):495.00	Total_Energy(mJ):1277.76
1779398285.535823,,,495.0,1284.2,Power(mW):495.00	Total_Energy(mJ):1284.20
1779398285.548131,,,475.0,1289.9,Power(mW):475.00	Total_Energy(mJ):1289.90
1779398285.560392,,,495.0,1295.84,Power(mW):495.00	Total_Energy(mJ):1295.84
1779398285.572722,,,495.0,1301.78,Power(mW):495.00	Total_Energy(mJ):1301.78
1779398285.584919,,,495.0,1308.21,Power(mW):495.00	Total_Energy(mJ):1308.21
1779398285.5974872,,,495.0,1314.15,Power(mW):495.00	Total_Energy(mJ):1314.15
1779398285.609578,,,496.0,1320.1,Power(mW):496.00	Total_Energy(mJ):1320.10
1779398285.6218922,,,496.0,1326.55,Power(mW):496.00	Total_Energy(mJ):1326.55
1779398285.634151,,,496.0,1332.5,Power(mW):496.00	Total_Energy(mJ):1332.50
1779398285.646425,,,496.0,1338.46,Power(mW):496.00	Total_Energy(mJ):1338.46
1779398285.658713,,,495.0,1344.4,Power(mW):495.00	Total_Energy(mJ):1344.40
1779398285.6710641,,,495.0,1350.83,Power(mW):495.00	Total_Energy(mJ):1350.83
1779398285.683289,,,495.0,1356.77,Power(mW):495.00	Total_Energy(mJ):1356.77
1779398285.695625,,,495.0,1362.71,Power(mW):495.00	Total_Energy(mJ):1362.71
1779398285.7078059,,,495.0,1369.15,Power(mW):495.00	Total_Energy(mJ):1369.15
1779398285.7204108,,,495.0,1375.09,Power(mW):495.00	Total_Energy(mJ):1375.09
1779398285.732745,,,495.0,1381.03,Power(mW):495.00	Total_Energy(mJ):1381.03
1779398285.745048,,,496.0,1387.47,Power(mW):496.00	Total_Energy(mJ):1387.47
1779398285.757382,,,495.0,1393.41,Power(mW):495.00	Total_Energy(mJ):1393.41
1779398285.76966,,,495.0,1399.35,Power(mW):495.00	Total_Energy(mJ):1399.35
1779398285.782026,,,495.0,1405.29,Power(mW):495.00	Total_Energy(mJ):1405.29
1779398285.794164,,,495.0,1411.73,Power(mW):495.00	Total_Energy(mJ):1411.73
1779398285.806529,,,495.0,1417.67,Power(mW):495.00	Total_Energy(mJ):1417.67
1779398285.8188028,,,495.0,1423.61,Power(mW):495.00	Total_Energy(mJ):1423.61
1779398285.831085,,,495.0,1430.04,Power(mW):495.00	Total_Energy(mJ):1430.04
1779398285.843363,,,495.0,1435.98,Power(mW):495.00	Total_Energy(mJ):1435.98
1779398285.855665,,,475.0,1441.68,Power(mW):475.00	Total_Energy(mJ):1441.68
1779398285.867916,,,498.0,1447.66,Power(mW):498.00	Total_Energy(mJ):1447.66
1779398285.880255,,,495.0,1454.09,Power(mW):495.00	Total_Energy(mJ):1454.09
1779398285.892521,,,495.0,1460.03,Power(mW):495.00	Total_Energy(mJ):1460.03
1779398285.9048069,,,495.0,1465.97,Power(mW):495.00	Total_Energy(mJ):1465.97
1779398285.917081,,,495.0,1472.41,Power(mW):495.00	Total_Energy(mJ):1472.41
1779398285.929397,,,495.0,1478.35,Power(mW):495.00	Total_Energy(mJ):1478.35
1779398285.9416552,,,495.0,1484.29,Power(mW):495.00	Total_Energy(mJ):1484.29
1779398285.953948,,,495.0,1490.23,Power(mW):495.00	Total_Energy(mJ):1490.23
1779398285.966246,,,495.0,1496.66,Power(mW):495.00	Total_Energy(mJ):1496.66
1779398285.978518,,,495.0,1502.6,Power(mW):495.00	Total_Energy(mJ):1502.60
1779398285.990816,,,495.0,1508.54,Power(mW):495.00	Total_Energy(mJ):1508.54
1779398286.003097,,,495.0,1514.98,Power(mW):495.00	Total_Energy(mJ):1514.98
1779398286.0157042,,,495.0,1520.92,Power(mW):495.00	Total_Energy(mJ):1520.92
1779398286.028002,,,498.0,1526.89,Power(mW):498.00	Total_Energy(mJ):1526.89
1779398286.040313,,,496.0,1532.85,Power(mW):496.00	Total_Energy(mJ):1532.85
1779398286.05257,,,496.0,1539.79,Power(mW):496.00	Total_Energy(mJ):1539.79
1779398286.0648909,,,495.0,1545.73,Power(mW):495.00	Total_Energy(mJ):1545.73
1779398286.0771992,,,495.0,1551.67,Power(mW):495.00	Total_Energy(mJ):1551.67
1779398286.0894542,,,495.0,1558.11,Power(mW):495.00	Total_Energy(mJ):1558.11
1779398286.101761,,,495.0,1564.05,Power(mW):495.00	Total_Energy(mJ):1564.05
1779398286.114034,,,496.0,1570.0,Power(mW):496.00	Total_Energy(mJ):1570.00
1779398286.126334,,,495.0,1575.94,Power(mW):495.00	Total_Energy(mJ):1575.94
1779398286.138623,,,495.0,1582.37,Power(mW):495.00	Total_Energy(mJ):1582.37
1779398286.1509042,,,495.0,1588.31,Power(mW):495.00	Total_Energy(mJ):1588.31
1779398286.163166,,,477.0,1594.04,Power(mW):477.00	Total_Energy(mJ):1594.04
1779398286.175452,,,496.0,1600.48,Power(mW):496.00	Total_Energy(mJ):1600.48
1779398286.1877818,,,500.0,1606.48,Power(mW):500.00	Total_Energy(mJ):1606.48
1779398286.200037,,,495.0,1612.42,Power(mW):495.00	Total_Energy(mJ):1612.42
1779398286.212311,,,495.0,1618.36,Power(mW):495.00	Total_Energy(mJ):1618.36
1779398286.2245991,,,496.0,1624.81,Power(mW):496.00	Total_Energy(mJ):1624.81
1779398286.236911,,,498.0,1630.79,Power(mW):498.00	Total_Energy(mJ):1630.79
1779398286.249194,,,498.0,1636.76,Power(mW):498.00	Total_Energy(mJ):1636.76
1779398286.261486,,,498.0,1643.24,Power(mW):498.00	Total_Energy(mJ):1643.24
1779398286.273767,,,495.0,1649.18,Power(mW):495.00	Total_Energy(mJ):1649.18
1779398286.28609,,,493.0,1655.09,Power(mW):493.00	Total_Energy(mJ):1655.09
1779398286.2983282,,,485.0,1660.91,Power(mW):485.00	Total_Energy(mJ):1660.91
1779398286.3108952,,,496.0,1667.36,Power(mW):496.00	Total_Energy(mJ):1667.36
1779398286.3233879,,,495.0,1673.3,Power(mW):495.00	Total_Energy(mJ):1673.30
1779398286.335489,,,495.0,1679.24,Power(mW):495.00	Total_Energy(mJ):1679.24
1779398286.347852,,,495.0,1685.68,Power(mW):495.00	Total_Energy(mJ):1685.68
1779398286.3601122,,,495.0,1691.62,Power(mW):495.00	Total_Energy(mJ):1691.62
1779398286.372392,,,495.0,1697.56,Power(mW):495.00	Total_Energy(mJ):1697.56
1779398286.3846982,,,500.0,1704.06,Power(mW):500.00	Total_Energy(mJ):1704.06
1779398286.397016,,,495.0,1710.0,Power(mW):495.00	Total_Energy(mJ):1710.00
1779398286.4093282,,,498.0,1715.97,Power(mW):498.00	Total_Energy(mJ):1715.97
1779398286.4215958,,,496.0,1721.92,Power(mW):496.00	Total_Energy(mJ):1721.92
1779398286.433815,,,496.0,1728.37,Power(mW):496.00	Total_Energy(mJ):1728.37
1779398286.446194,,,496.0,1734.32,Power(mW):496.00	Total_Energy(mJ):1734.32
1779398286.458428,,,496.0,1740.28,Power(mW):496.00	Total_Energy(mJ):1740.28
1779398286.470693,,,495.0,1746.71,Power(mW):495.00	Total_Energy(mJ):1746.71
1779398286.4829938,,,498.0,1752.69,Power(mW):498.00	Total_Energy(mJ):1752.69
1779398286.4953449,,,495.0,1758.63,Power(mW):495.00	Total_Energy(mJ):1758.63
1779398286.507582,,,495.0,1764.57,Power(mW):495.00	Total_Energy(mJ):1764.57
1779398286.519878,,,495.0,1771.0,Power(mW):495.00	Total_Energy(mJ):1771.00
1779398286.532141,,,495.0,1776.94,Power(mW):495.00	Total_Energy(mJ):1776.94
1779398286.544445,,,495.0,1782.88,Power(mW):495.00	Total_Energy(mJ):1782.88
1779398286.556703,,,496.0,1789.33,Power(mW):496.00	Total_Energy(mJ):1789.33
1779398286.569006,,,496.0,1795.28,Power(mW):496.00	Total_Energy(mJ):1795.28
1779398286.5812411,,,495.0,1801.22,Power(mW):495.00	Total_Energy(mJ):1801.22
1779398286.593627,,,500.0,1807.22,Power(mW):500.00	Total_Energy(mJ):1807.22
1779398286.605891,,,500.0,1813.72,Power(mW):500.00	Total_Energy(mJ):1813.72
1779398286.6181529,,,495.0,1819.66,Power(mW):495.00	Total_Energy(mJ):1819.66
1779398286.6304262,,,495.0,1825.6,Power(mW):495.00	Total_Energy(mJ):1825.60
1779398286.64273,,,496.0,1832.05,Power(mW):496.00	Total_Energy(mJ):1832.05
1779398286.655025,,,496.0,1838.0,Power(mW):496.00	Total_Energy(mJ):1838.00
1779398286.667304,,,495.0,1843.94,Power(mW):495.00	Total_Energy(mJ):1843.94
1779398286.67975,,,495.0,1849.88,Power(mW):495.00	Total_Energy(mJ):1849.88
1779398286.69177,,,478.0,1856.1,Power(mW):478.00	Total_Energy(mJ):1856.10
1779398286.704083,,,495.0,1862.04,Power(mW):495.00	Total_Energy(mJ):1862.04
1779398286.7167659,,,495.0,1867.98,Power(mW):495.00	Total_Energy(mJ):1867.98
1779398286.729088,,,495.0,1874.41,Power(mW):495.00	Total_Energy(mJ):1874.41
1779398286.741377,,,495.0,1880.35,Power(mW):495.00	Total_Energy(mJ):1880.35
1779398286.753655,,,495.0,1886.29,Power(mW):495.00	Total_Energy(mJ):1886.29
1779398286.765931,,,496.0,1892.24,Power(mW):496.00	Total_Energy(mJ):1892.24
1779398286.778264,,,477.0,1898.44,Power(mW):477.00	Total_Energy(mJ):1898.44
1779398286.790528,,,498.0,1904.42,Power(mW):498.00	Total_Energy(mJ):1904.42
1779398286.8028119,,,495.0,1910.36,Power(mW):495.00	Total_Energy(mJ):1910.36
1779398286.815115,,,495.0,1916.8,Power(mW):495.00	Total_Energy(mJ):1916.80
1779398286.82736,,,495.0,1922.74,Power(mW):495.00	Total_Energy(mJ):1922.74
1779398286.839884,,,495.0,1928.68,Power(mW):495.00	Total_Energy(mJ):1928.68
1779398286.851983,,,495.0,1934.62,Power(mW):495.00	Total_Energy(mJ):1934.62
1779398286.8642921,,,495.0,1941.05,Power(mW):495.00	Total_Energy(mJ):1941.05
1779398286.876559,,,495.0,1946.99,Power(mW):495.00	Total_Energy(mJ):1946.99
1779398286.888887,,,495.0,1952.93,Power(mW):495.00	Total_Energy(mJ):1952.93
1779398286.901133,,,496.0,1959.38,Power(mW):496.00	Total_Energy(mJ):1959.38
1779398286.913414,,,495.0,1965.32,Power(mW):495.00	Total_Energy(mJ):1965.32
1779398286.925688,,,498.0,1971.29,Power(mW):498.00	Total_Energy(mJ):1971.29
1779398286.937959,,,498.0,1977.27,Power(mW):498.00	Total_Energy(mJ):1977.27
1779398286.950271,,,495.0,1983.7,Power(mW):495.00	Total_Energy(mJ):1983.70
1779398286.962524,,,496.0,1989.66,Power(mW):496.00	Total_Energy(mJ):1989.66
1779398286.974846,,,495.0,1995.6,Power(mW):495.00	Total_Energy(mJ):1995.60
1779398286.987159,,,495.0,2002.03,Power(mW):495.00	Total_Energy(mJ):2002.03
1779398286.99946,,,495.0,2007.97,Power(mW):495.00	Total_Energy(mJ):2007.97
1779398287.011719,,,495.0,2013.91,Power(mW):495.00	Total_Energy(mJ):2013.91
1779398287.023983,,,498.0,2019.89,Power(mW):498.00	Total_Energy(mJ):2019.89
1779398287.036302,,,496.0,2026.34,Power(mW):496.00	Total_Energy(mJ):2026.34
1779398287.0485508,,,496.0,2032.29,Power(mW):496.00	Total_Energy(mJ):2032.29
1779398287.061203,,,498.0,2038.26,Power(mW):498.00	Total_Energy(mJ):2038.26
1779398287.073494,,,487.0,2044.59,Power(mW):487.00	Total_Energy(mJ):2044.59
1779398287.085833,,,495.0,2050.53,Power(mW):495.00	Total_Energy(mJ):2050.53
1779398287.098043,,,495.0,2056.47,Power(mW):495.00	Total_Energy(mJ):2056.47
1779398287.110338,,,495.0,2062.91,Power(mW):495.00	Total_Energy(mJ):2062.91
1779398287.122606,,,495.0,2068.85,Power(mW):495.00	Total_Energy(mJ):2068.85
1779398287.134911,,,495.0,2074.79,Power(mW):495.00	Total_Energy(mJ):2074.79
1779398287.1472251,,,498.0,2080.77,Power(mW):498.00	Total_Energy(mJ):2080.77
1779398287.159497,,,495.0,2087.7,Power(mW):495.00	Total_Energy(mJ):2087.70
1779398287.171781,,,495.0,2093.64,Power(mW):495.00	Total_Energy(mJ):2093.64
1779398287.184057,,,498.0,2099.61,Power(mW):498.00	Total_Energy(mJ):2099.61
1779398287.196387,,,496.0,2106.06,Power(mW):496.00	Total_Energy(mJ):2106.06
1779398287.2086341,,,500.0,2112.06,Power(mW):500.00	Total_Energy(mJ):2112.06
1779398287.2209432,,,495.0,2118.0,Power(mW):495.00	Total_Energy(mJ):2118.00
1779398287.233216,,,495.0,2123.94,Power(mW):495.00	Total_Energy(mJ):2123.94
1779398287.2454872,,,495.0,2130.37,Power(mW):495.00	Total_Energy(mJ):2130.37
1779398287.257779,,,495.0,2136.31,Power(mW):495.00	Total_Energy(mJ):2136.31
1779398287.2700648,,,495.0,2142.25,Power(mW):495.00	Total_Energy(mJ):2142.25
1779398287.282494,,,498.0,2148.73,Power(mW):498.00	Total_Energy(mJ):2148.73
1779398287.294645,,,495.0,2154.67,Power(mW):495.00	Total_Energy(mJ):2154.67
1779398287.306869,,,496.0,2160.62,Power(mW):496.00	Total_Energy(mJ):2160.62
1779398287.319437,,,498.0,2166.6,Power(mW):498.00	Total_Energy(mJ):2166.60
1779398287.331871,,,495.0,2173.03,Power(mW):495.00	Total_Energy(mJ):2173.03
1779398287.344162,,,495.0,2178.97,Power(mW):495.00	Total_Energy(mJ):2178.97
1779398287.356452,,,495.0,2184.91,Power(mW):495.00	Total_Energy(mJ):2184.91
1779398287.368733,,,495.0,2191.35,Power(mW):495.00	Total_Energy(mJ):2191.35
1779398287.381,,,495.0,2197.29,Power(mW):495.00	Total_Energy(mJ):2197.29
1779398287.3932722,,,495.0,2203.23,Power(mW):495.00	Total_Energy(mJ):2203.23
1779398287.4055748,,,501.0,2209.24,Power(mW):501.00	Total_Energy(mJ):2209.24
1779398287.41786,,,495.0,2215.67,Power(mW):495.00	Total_Energy(mJ):2215.67
1779398287.430172,,,495.0,2221.61,Power(mW):495.00	Total_Energy(mJ):2221.61
1779398287.442423,,,496.0,2227.57,Power(mW):496.00	Total_Energy(mJ):2227.57
1779398287.454755,,,496.0,2234.01,Power(mW):496.00	Total_Energy(mJ):2234.01
1779398287.467031,,,495.0,2239.95,Power(mW):495.00	Total_Energy(mJ):2239.95
1779398287.479298,,,496.0,2245.91,Power(mW):496.00	Total_Energy(mJ):2245.91
1779398287.49158,,,495.0,2251.85,Power(mW):495.00	Total_Energy(mJ):2251.85
1779398287.503888,,,495.0,2258.28,Power(mW):495.00	Total_Energy(mJ):2258.28
1779398287.5161548,,,495.0,2264.22,Power(mW):495.00	Total_Energy(mJ):2264.22
1779398287.5285509,,,495.0,2270.16,Power(mW):495.00	Total_Energy(mJ):2270.16
1779398287.5408041,,,495.0,2276.6,Power(mW):495.00	Total_Energy(mJ):2276.60
1779398287.553015,,,495.0,2282.54,Power(mW):495.00	Total_Energy(mJ):2282.54
1779398287.5653079,,,498.0,2288.51,Power(mW):498.00	Total_Energy(mJ):2288.51
1779398287.577586,,,498.0,2294.49,Power(mW):498.00	Total_Energy(mJ):2294.49
1779398287.589888,,,498.0,2300.96,Power(mW):498.00	Total_Energy(mJ):2300.96
1779398287.6022248,,,495.0,2306.9,Power(mW):495.00	Total_Energy(mJ):2306.90
1779398287.614472,,,495.0,2312.84,Power(mW):495.00	Total_Energy(mJ):2312.84
1779398287.62713,,,495.0,2319.28,Power(mW):495.00	Total_Energy(mJ):2319.28
1779398287.63939,,,495.0,2325.22,Power(mW):495.00	Total_Energy(mJ):2325.22
1779398287.651694,,,495.0,2331.16,Power(mW):495.00	Total_Energy(mJ):2331.16
1779398287.663975,,,496.0,2337.11,Power(mW):496.00	Total_Energy(mJ):2337.11
1779398287.676265,,,498.0,2343.58,Power(mW):498.00	Total_Energy(mJ):2343.58
1779398287.6885571,,,498.0,2349.56,Power(mW):498.00	Total_Energy(mJ):2349.56
1779398287.700802,,,495.0,2355.5,Power(mW):495.00	Total_Energy(mJ):2355.50
1779398287.71311,,,503.0,2362.04,Power(mW):503.00	Total_Energy(mJ):2362.04
1779398287.7254038,,,498.0,2368.01,Power(mW):498.00	Total_Energy(mJ):2368.01
1779398287.737663,,,495.0,2373.95,Power(mW):495.00	Total_Energy(mJ):2373.95
1779398287.749985,,,495.0,2380.39,Power(mW):495.00	Total_Energy(mJ):2380.39
1779398287.762259,,,495.0,2386.33,Power(mW):495.00	Total_Energy(mJ):2386.33
1779398287.774654,,,496.0,2392.28,Power(mW):496.00	Total_Energy(mJ):2392.28
1779398287.786954,,,498.0,2398.26,Power(mW):498.00	Total_Energy(mJ):2398.26
1779398287.799177,,,475.0,2404.43,Power(mW):475.00	Total_Energy(mJ):2404.43
1779398287.8115258,,,496.0,2410.38,Power(mW):496.00	Total_Energy(mJ):2410.38
1779398287.8238752,,,498.0,2416.36,Power(mW):498.00	Total_Energy(mJ):2416.36
1779398287.836085,,,498.0,2422.83,Power(mW):498.00	Total_Energy(mJ):2422.83
1779398287.848345,,,490.0,2428.71,Power(mW):490.00	Total_Energy(mJ):2428.71
1779398287.8606012,,,495.0,2434.65,Power(mW):495.00	Total_Energy(mJ):2434.65
1779398287.872899,,,496.0,2440.61,Power(mW):496.00	Total_Energy(mJ):2440.61
1779398287.885178,,,496.0,2447.05,Power(mW):496.00	Total_Energy(mJ):2447.05
1779398287.897503,,,496.0,2453.01,Power(mW):496.00	Total_Energy(mJ):2453.01
1779398287.909815,,,495.0,2458.94,Power(mW):495.00	Total_Energy(mJ):2458.94
1779398287.92208,,,495.0,2465.38,Power(mW):495.00	Total_Energy(mJ):2465.38
1779398287.9343328,,,496.0,2471.33,Power(mW):496.00	Total_Energy(mJ):2471.33
1779398287.947048,,,495.0,2477.27,Power(mW):495.00	Total_Energy(mJ):2477.27
1779398287.9593952,,,495.0,2483.21,Power(mW):495.00	Total_Energy(mJ):2483.21
1779398287.971534,,,495.0,2489.65,Power(mW):495.00	Total_Energy(mJ):2489.65
1779398287.9838321,,,495.0,2495.59,Power(mW):495.00	Total_Energy(mJ):2495.59
1779398287.9962811,,,496.0,2501.54,Power(mW):496.00	Total_Energy(mJ):2501.54
1779398288.008577,,,496.0,2507.99,Power(mW):496.00	Total_Energy(mJ):2507.99
1779398288.02086,,,495.0,2513.93,Power(mW):495.00	Total_Energy(mJ):2513.93
1779398288.0329442,,,495.0,2519.87,Power(mW):495.00	Total_Energy(mJ):2519.87
1779398288.0452092,,,495.0,2525.81,Power(mW):495.00	Total_Energy(mJ):2525.81
1779398288.0575051,,,495.0,2532.24,Power(mW):495.00	Total_Energy(mJ):2532.24
1779398288.06981,,,495.0,2538.18,Power(mW):495.00	Total_Energy(mJ):2538.18
1779398288.082079,,,475.0,2543.88,Power(mW):475.00	Total_Energy(mJ):2543.88
1779398288.094354,,,492.0,2550.28,Power(mW):492.00	Total_Energy(mJ):2550.28
1779398288.1066382,,,477.0,2556.48,Power(mW):477.00	Total_Energy(mJ):2556.48
1779398288.118963,,,495.0,2562.42,Power(mW):495.00	Total_Energy(mJ):2562.42
1779398288.131237,,,493.0,2568.33,Power(mW):493.00	Total_Energy(mJ):2568.33
1779398288.143511,,,495.0,2574.77,Power(mW):495.00	Total_Energy(mJ):2574.77
1779398288.156126,,,539.0,2581.24,Power(mW):539.00	Total_Energy(mJ):2581.24
1779398288.168428,,,482.0,2587.02,Power(mW):482.00	Total_Energy(mJ):2587.02
1779398288.180703,,,619.0,2595.07,Power(mW):619.00	Total_Energy(mJ):2595.07
1779398288.1930099,,,496.0,2601.02,Power(mW):496.00	Total_Energy(mJ):2601.02
1779398288.205293,,,496.0,2606.97,Power(mW):496.00	Total_Energy(mJ):2606.97
1779398288.217559,,,495.0,2612.91,Power(mW):495.00	Total_Energy(mJ):2612.91
1779398288.229857,,,495.0,2619.35,Power(mW):495.00	Total_Energy(mJ):2619.35
1779398288.242143,,,493.0,2625.26,Power(mW):493.00	Total_Energy(mJ):2625.26
1779398288.254441,,,495.0,2631.2,Power(mW):495.00	Total_Energy(mJ):2631.20
1779398288.266756,,,495.0,2637.64,Power(mW):495.00	Total_Energy(mJ):2637.64
1779398288.279009,,,495.0,2643.58,Power(mW):495.00	Total_Energy(mJ):2643.58
1779398288.29134,,,495.0,2649.52,Power(mW):495.00	Total_Energy(mJ):2649.52
1779398288.303582,,,498.0,2655.49,Power(mW):498.00	Total_Energy(mJ):2655.49
1779398288.315732,,,495.0,2661.93,Power(mW):495.00	Total_Energy(mJ):2661.93
1779398288.328154,,,496.0,2667.88,Power(mW):496.00	Total_Energy(mJ):2667.88
1779398288.340448,,,495.0,2673.82,Power(mW):495.00	Total_Energy(mJ):2673.82
1779398288.352767,,,495.0,2680.26,Power(mW):495.00	Total_Energy(mJ):2680.26
1779398288.365014,,,495.0,2686.2,Power(mW):495.00	Total_Energy(mJ):2686.20
1779398288.377293,,,495.0,2692.14,Power(mW):495.00	Total_Energy(mJ):2692.14
1779398288.3895109,,,495.0,2698.57,Power(mW):495.00	Total_Energy(mJ):2698.57
1779398288.4018571,,,495.0,2704.51,Power(mW):495.00	Total_Energy(mJ):2704.51
1779398288.4142091,,,477.0,2710.24,Power(mW):477.00	Total_Energy(mJ):2710.24
1779398288.426465,,,496.0,2716.19,Power(mW):496.00	Total_Energy(mJ):2716.19
1779398288.438784,,,498.0,2722.66,Power(mW):498.00	Total_Energy(mJ):2722.66
1779398288.451005,,,495.0,2728.6,Power(mW):495.00	Total_Energy(mJ):2728.60
1779398288.463338,,,495.0,2734.54,Power(mW):495.00	Total_Energy(mJ):2734.54
1779398288.475942,,,495.0,2740.98,Power(mW):495.00	Total_Energy(mJ):2740.98
1779398288.488249,,,495.0,2746.92,Power(mW):495.00	Total_Energy(mJ):2746.92
1779398288.50054,,,496.0,2752.87,Power(mW):496.00	Total_Energy(mJ):2752.87
1779398288.512825,,,496.0,2758.82,Power(mW):496.00	Total_Energy(mJ):2758.82
1779398288.525142,,,495.0,2765.26,Power(mW):495.00	Total_Energy(mJ):2765.26
1779398288.5374029,,,500.0,2771.26,Power(mW):500.00	Total_Energy(mJ):2771.26
1779398288.549678,,,495.0,2777.19,Power(mW):495.00	Total_Energy(mJ):2777.19
1779398288.561972,,,498.0,2783.67,Power(mW):498.00	Total_Energy(mJ):2783.67
1779398288.57427,,,498.0,2789.65,Power(mW):498.00	Total_Energy(mJ):2789.65
1779398288.5864892,,,498.0,2795.62,Power(mW):498.00	Total_Energy(mJ):2795.62
1779398288.5988328,,,498.0,2801.6,Power(mW):498.00	Total_Energy(mJ):2801.60
1779398288.611116,,,495.0,2808.03,Power(mW):495.00	Total_Energy(mJ):2808.03
1779398288.623404,,,495.0,2813.97,Power(mW):495.00	Total_Energy(mJ):2813.97
1779398288.635732,,,480.0,2819.73,Power(mW):480.00	Total_Energy(mJ):2819.73
1779398288.648031,,,496.0,2826.18,Power(mW):496.00	Total_Energy(mJ):2826.18
1779398288.660332,,,495.0,2832.12,Power(mW):495.00	Total_Energy(mJ):2832.12
1779398288.6726148,,,495.0,2838.06,Power(mW):495.00	Total_Energy(mJ):2838.06
1779398288.684893,,,498.0,2844.04,Power(mW):498.00	Total_Energy(mJ):2844.04
1779398288.697186,,,498.0,2850.51,Power(mW):498.00	Total_Energy(mJ):2850.51
1779398288.709444,,,498.0,2856.49,Power(mW):498.00	Total_Energy(mJ):2856.49
1779398288.721759,,,477.0,2862.21,Power(mW):477.00	Total_Energy(mJ):2862.21
1779398288.7340622,,,495.0,2868.65,Power(mW):495.00	Total_Energy(mJ):2868.65
1779398288.746353,,,500.0,2874.65,Power(mW):500.00	Total_Energy(mJ):2874.65
1779398288.7586718,,,500.0,2880.65,Power(mW):500.00	Total_Energy(mJ):2880.65
1779398288.770858,,,495.0,2886.59,Power(mW):495.00	Total_Energy(mJ):2886.59
1779398288.783406,,,495.0,2893.02,Power(mW):495.00	Total_Energy(mJ):2893.02
1779398288.795767,,,495.0,2898.96,Power(mW):495.00	Total_Energy(mJ):2898.96
1779398288.80807,,,498.0,2904.94,Power(mW):498.00	Total_Energy(mJ):2904.94
1779398288.820313,,,498.0,2911.41,Power(mW):498.00	Total_Energy(mJ):2911.41
1779398288.832551,,,495.0,2917.35,Power(mW):495.00	Total_Energy(mJ):2917.35
1779398288.8448231,,,496.0,2923.3,Power(mW):496.00	Total_Energy(mJ):2923.30
1779398288.857118,,,498.0,2929.28,Power(mW):498.00	Total_Energy(mJ):2929.28
1779398288.869386,,,498.0,2935.75,Power(mW):498.00	Total_Energy(mJ):2935.75
1779398288.881691,,,496.0,2941.7,Power(mW):496.00	Total_Energy(mJ):2941.70
1779398288.893985,,,495.0,2947.64,Power(mW):495.00	Total_Energy(mJ):2947.64
1779398288.906281,,,496.0,2954.09,Power(mW):496.00	Total_Energy(mJ):2954.09
1779398288.918584,,,495.0,2960.03,Power(mW):495.00	Total_Energy(mJ):2960.03
1779398288.9308338,,,495.0,2965.97,Power(mW):495.00	Total_Energy(mJ):2965.97
1779398288.943151,,,500.0,2971.97,Power(mW):500.00	Total_Energy(mJ):2971.97
1779398288.955449,,,496.0,2978.42,Power(mW):496.00	Total_Energy(mJ):2978.42
1779398288.967753,,,498.0,2984.4,Power(mW):498.00	Total_Energy(mJ):2984.40
1779398288.9799738,,,498.0,2990.37,Power(mW):498.00	Total_Energy(mJ):2990.37
1779398288.9922812,,,496.0,2996.82,Power(mW):496.00	Total_Energy(mJ):2996.82
1779398289.004669,,,495.0,3002.76,Power(mW):495.00	Total_Energy(mJ):3002.76
1779398289.0169432,,,495.0,3008.7,Power(mW):495.00	Total_Energy(mJ):3008.70
1779398289.0293179,,,477.0,3014.42,Power(mW):477.00	Total_Energy(mJ):3014.42
1779398289.0415502,,,495.0,3020.86,Power(mW):495.00	Total_Energy(mJ):3020.86
1779398289.0538108,,,492.0,3026.76,Power(mW):492.00	Total_Energy(mJ):3026.76
1779398289.066452,,,498.0,3032.74,Power(mW):498.00	Total_Energy(mJ):3032.74
1779398289.078738,,,498.0,3039.71,Power(mW):498.00	Total_Energy(mJ):3039.71
1779398289.091,,,498.0,3045.69,Power(mW):498.00	Total_Energy(mJ):3045.69
1779398289.1032882,,,495.0,3051.63,Power(mW):495.00	Total_Energy(mJ):3051.63
1779398289.1156008,,,495.0,3058.06,Power(mW):495.00	Total_Energy(mJ):3058.06
1779398289.127869,,,495.0,3064.0,Power(mW):495.00	Total_Energy(mJ):3064.00
1779398289.140171,,,495.0,3069.94,Power(mW):495.00	Total_Energy(mJ):3069.94
1779398289.152492,,,495.0,3075.88,Power(mW):495.00	Total_Energy(mJ):3075.88
1779398289.164725,,,495.0,3082.32,Power(mW):495.00	Total_Energy(mJ):3082.32
1779398289.177015,,,495.0,3088.26,Power(mW):495.00	Total_Energy(mJ):3088.26
1779398289.189306,,,495.0,3094.2,Power(mW):495.00	Total_Energy(mJ):3094.20
1779398289.201588,,,498.0,3100.67,Power(mW):498.00	Total_Energy(mJ):3100.67
1779398289.213859,,,496.0,3106.62,Power(mW):496.00	Total_Energy(mJ):3106.62
1779398289.226173,,,495.0,3112.56,Power(mW):495.00	Total_Energy(mJ):3112.56
1779398289.238462,,,495.0,3118.5,Power(mW):495.00	Total_Energy(mJ):3118.50
1779398289.250794,,,500.0,3125.0,Power(mW):500.00	Total_Energy(mJ):3125.00
1779398289.2630138,,,495.0,3130.94,Power(mW):495.00	Total_Energy(mJ):3130.94
1779398289.27533,,,495.0,3136.88,Power(mW):495.00	Total_Energy(mJ):3136.88
1779398289.2876532,,,495.0,3143.32,Power(mW):495.00	Total_Energy(mJ):3143.32
1779398289.299909,,,493.0,3149.23,Power(mW):493.00	Total_Energy(mJ):3149.23
1779398289.312052,,,495.0,3155.17,Power(mW):495.00	Total_Energy(mJ):3155.17
1779398289.324589,,,496.0,3161.13,Power(mW):496.00	Total_Energy(mJ):3161.13
1779398289.336813,,,475.0,3167.3,Power(mW):475.00	Total_Energy(mJ):3167.30
1779398289.349072,,,496.0,3173.25,Power(mW):496.00	Total_Energy(mJ):3173.25
1779398289.361682,,,496.0,3179.21,Power(mW):496.00	Total_Energy(mJ):3179.21
1779398289.374136,,,496.0,3185.65,Power(mW):496.00	Total_Energy(mJ):3185.65
1779398289.386239,,,495.0,3191.59,Power(mW):495.00	Total_Energy(mJ):3191.59
1779398289.39856,,,495.0,3197.53,Power(mW):495.00	Total_Energy(mJ):3197.53
1779398289.410829,,,495.0,3203.47,Power(mW):495.00	Total_Energy(mJ):3203.47
1779398289.423094,,,495.0,3209.91,Power(mW):495.00	Total_Energy(mJ):3209.91
1779398289.435379,,,495.0,3215.85,Power(mW):495.00	Total_Energy(mJ):3215.85
1779398289.447702,,,495.0,3221.79,Power(mW):495.00	Total_Energy(mJ):3221.79
1779398289.459996,,,498.0,3228.26,Power(mW):498.00	Total_Energy(mJ):3228.26
1779398289.472419,,,495.0,3234.2,Power(mW):495.00	Total_Energy(mJ):3234.20
1779398289.484576,,,496.0,3240.15,Power(mW):496.00	Total_Energy(mJ):3240.15
1779398289.496835,,,498.0,3246.13,Power(mW):498.00	Total_Energy(mJ):3246.13
1779398289.509129,,,498.0,3252.6,Power(mW):498.00	Total_Energy(mJ):3252.60
1779398289.521405,,,498.0,3258.58,Power(mW):498.00	Total_Energy(mJ):3258.58
1779398289.5337138,,,496.0,3264.53,Power(mW):496.00	Total_Energy(mJ):3264.53
1779398289.545998,,,495.0,3270.97,Power(mW):495.00	Total_Energy(mJ):3270.97
1779398289.558264,,,495.0,3276.91,Power(mW):495.00	Total_Energy(mJ):3276.91
1779398289.570558,,,495.0,3282.85,Power(mW):495.00	Total_Energy(mJ):3282.85
1779398289.5828018,,,498.0,3288.82,Power(mW):498.00	Total_Energy(mJ):3288.82
1779398289.595364,,,496.0,3295.27,Power(mW):496.00	Total_Energy(mJ):3295.27
1779398289.607467,,,496.0,3301.22,Power(mW):496.00	Total_Energy(mJ):3301.22
1779398289.61972,,,496.0,3307.17,Power(mW):496.00	Total_Energy(mJ):3307.17
1779398289.631985,,,495.0,3313.61,Power(mW):495.00	Total_Energy(mJ):3313.61
1779398289.644276,,,495.0,3319.55,Power(mW):495.00	Total_Energy(mJ):3319.55
1779398289.656557,,,496.0,3325.5,Power(mW):496.00	Total_Energy(mJ):3325.50
1779398289.66887,,,495.0,3331.44,Power(mW):495.00	Total_Energy(mJ):3331.44
1779398289.6815202,,,495.0,3337.88,Power(mW):495.00	Total_Energy(mJ):3337.88
1779398289.693812,,,495.0,3343.82,Power(mW):495.00	Total_Energy(mJ):3343.82
1779398289.706059,,,496.0,3349.77,Power(mW):496.00	Total_Energy(mJ):3349.77
1779398289.718354,,,496.0,3356.22,Power(mW):496.00	Total_Energy(mJ):3356.22
1779398289.730635,,,498.0,3362.19,Power(mW):498.00	Total_Energy(mJ):3362.19
1779398289.742937,,,495.0,3368.13,Power(mW):495.00	Total_Energy(mJ):3368.13
1779398289.75522,,,495.0,3374.07,Power(mW):495.00	Total_Energy(mJ):3374.07
1779398289.767479,,,500.0,3380.57,Power(mW):500.00	Total_Energy(mJ):3380.57
1779398289.779806,,,500.0,3386.57,Power(mW):500.00	Total_Energy(mJ):3386.57
1779398289.7921321,,,511.0,3392.7,Power(mW):511.00	Total_Energy(mJ):3392.70
1779398289.804385,,,495.0,3399.14,Power(mW):495.00	Total_Energy(mJ):3399.14
1779398289.816681,,,495.0,3405.08,Power(mW):495.00	Total_Energy(mJ):3405.08
1779398289.8289652,,,495.0,3411.02,Power(mW):495.00	Total_Energy(mJ):3411.02
1779398289.841218,,,495.0,3417.45,Power(mW):495.00	Total_Energy(mJ):3417.45
1779398289.853517,,,495.0,3423.39,Power(mW):495.00	Total_Energy(mJ):3423.39
1779398289.865786,,,495.0,3429.33,Power(mW):495.00	Total_Energy(mJ):3429.33
1779398289.878106,,,495.0,3435.27,Power(mW):495.00	Total_Energy(mJ):3435.27
1779398289.890442,,,495.0,3441.71,Power(mW):495.00	Total_Energy(mJ):3441.71
1779398289.9027781,,,495.0,3447.65,Power(mW):495.00	Total_Energy(mJ):3447.65
1779398289.915076,,,495.0,3453.59,Power(mW):495.00	Total_Energy(mJ):3453.59
1779398289.92726,,,496.0,3460.04,Power(mW):496.00	Total_Energy(mJ):3460.04
1779398289.9395509,,,496.0,3465.99,Power(mW):496.00	Total_Energy(mJ):3465.99
1779398289.951818,,,493.0,3471.91,Power(mW):493.00	Total_Energy(mJ):3471.91
1779398289.964124,,,496.0,3477.86,Power(mW):496.00	Total_Energy(mJ):3477.86
1779398289.976741,,,495.0,3484.29,Power(mW):495.00	Total_Energy(mJ):3484.29
1779398289.989022,,,495.0,3490.23,Power(mW):495.00	Total_Energy(mJ):3490.23
1779398290.001298,,,495.0,3496.17,Power(mW):495.00	Total_Energy(mJ):3496.17
1779398290.013605,,,495.0,3502.61,Power(mW):495.00	Total_Energy(mJ):3502.61
1779398290.025874,,,492.0,3508.51,Power(mW):492.00	Total_Energy(mJ):3508.51
1779398290.0384052,,,495.0,3514.45,Power(mW):495.00	Total_Energy(mJ):3514.45
1779398290.05057,,,495.0,3520.89,Power(mW):495.00	Total_Energy(mJ):3520.89
1779398290.06278,,,495.0,3527.32,Power(mW):495.00	Total_Energy(mJ):3527.32
1779398290.07509,,,488.0,3533.18,Power(mW):488.00	Total_Energy(mJ):3533.18
1779398290.087316,,,490.0,3539.06,Power(mW):490.00	Total_Energy(mJ):3539.06
1779398290.099664,,,495.0,3545.49,Power(mW):495.00	Total_Energy(mJ):3545.49
1779398290.111901,,,495.0,3551.43,Power(mW):495.00	Total_Energy(mJ):3551.43
1779398290.124207,,,496.0,3557.38,Power(mW):496.00	Total_Energy(mJ):3557.38
1779398290.13647,,,498.0,3563.36,Power(mW):498.00	Total_Energy(mJ):3563.36
1779398290.148818,,,495.0,3569.8,Power(mW):495.00	Total_Energy(mJ):3569.80
1779398290.161016,,,495.0,3575.74,Power(mW):495.00	Total_Energy(mJ):3575.74
1779398290.173331,,,495.0,3581.68,Power(mW):495.00	Total_Energy(mJ):3581.68
1779398290.18559,,,495.0,3588.11,Power(mW):495.00	Total_Energy(mJ):3588.11
1779398290.1978838,,,495.0,3594.05,Power(mW):495.00	Total_Energy(mJ):3594.05
1779398290.21022,,,495.0,3599.99,Power(mW):495.00	Total_Energy(mJ):3599.99
1779398290.222494,,,495.0,3605.93,Power(mW):495.00	Total_Energy(mJ):3605.93
1779398290.235126,,,496.0,3612.38,Power(mW):496.00	Total_Energy(mJ):3612.38
1779398290.247383,,,496.0,3618.33,Power(mW):496.00	Total_Energy(mJ):3618.33
1779398290.259706,,,495.0,3624.27,Power(mW):495.00	Total_Energy(mJ):3624.27
1779398290.2719948,,,503.0,3630.81,Power(mW):503.00	Total_Energy(mJ):3630.81
1779398290.284225,,,495.0,3636.75,Power(mW):495.00	Total_Energy(mJ):3636.75
1779398290.2965639,,,495.0,3642.69,Power(mW):495.00	Total_Energy(mJ):3642.69
1779398290.308753,,,496.0,3648.64,Power(mW):496.00	Total_Energy(mJ):3648.64
1779398290.321124,,,495.0,3655.08,Power(mW):495.00	Total_Energy(mJ):3655.08
1779398290.333408,,,495.0,3661.02,Power(mW):495.00	Total_Energy(mJ):3661.02
1779398290.345709,,,498.0,3666.99,Power(mW):498.00	Total_Energy(mJ):3666.99
1779398290.357974,,,496.0,3673.44,Power(mW):496.00	Total_Energy(mJ):3673.44
1779398290.3702679,,,495.0,3679.38,Power(mW):495.00	Total_Energy(mJ):3679.38
1779398290.3825521,,,495.0,3685.32,Power(mW):495.00	Total_Energy(mJ):3685.32
1779398290.394877,,,495.0,3691.26,Power(mW):495.00	Total_Energy(mJ):3691.26
1779398290.407178,,,495.0,3697.69,Power(mW):495.00	Total_Energy(mJ):3697.69
1779398290.419444,,,495.0,3703.63,Power(mW):495.00	Total_Energy(mJ):3703.63
1779398290.431703,,,493.0,3709.55,Power(mW):493.00	Total_Energy(mJ):3709.55
1779398290.444031,,,495.0,3715.99,Power(mW):495.00	Total_Energy(mJ):3715.99
1779398290.456362,,,495.0,3721.93,Power(mW):495.00	Total_Energy(mJ):3721.93
1779398290.468595,,,493.0,3727.84,Power(mW):493.00	Total_Energy(mJ):3727.84
1779398290.480852,,,500.0,3734.34,Power(mW):500.00	Total_Energy(mJ):3734.34
1779398290.4931562,,,495.0,3740.28,Power(mW):495.00	Total_Energy(mJ):3740.28
1779398290.5054111,,,498.0,3746.26,Power(mW):498.00	Total_Energy(mJ):3746.26
1779398290.517698,,,498.0,3752.23,Power(mW):498.00	Total_Energy(mJ):3752.23
1779398290.5303419,,,498.0,3758.71,Power(mW):498.00	Total_Energy(mJ):3758.71
1779398290.5426219,,,495.0,3764.65,Power(mW):495.00	Total_Energy(mJ):3764.65
1779398290.5549219,,,495.0,3770.59,Power(mW):495.00	Total_Energy(mJ):3770.59
1779398290.567206,,,496.0,3777.04,Power(mW):496.00	Total_Energy(mJ):3777.04
1779398290.5794508,,,501.0,3783.05,Power(mW):501.00	Total_Energy(mJ):3783.05
1779398290.592005,,,495.0,3788.99,Power(mW):495.00	Total_Energy(mJ):3788.99
1779398290.6041322,,,498.0,3794.96,Power(mW):498.00	Total_Energy(mJ):3794.96
1779398290.616383,,,496.0,3801.41,Power(mW):496.00	Total_Energy(mJ):3801.41
1779398290.628652,,,495.0,3807.35,Power(mW):495.00	Total_Energy(mJ):3807.35
1779398290.6409118,,,498.0,3813.33,Power(mW):498.00	Total_Energy(mJ):3813.33
1779398290.653237,,,498.0,3819.8,Power(mW):498.00	Total_Energy(mJ):3819.80
1779398290.665579,,,495.0,3825.74,Power(mW):495.00	Total_Energy(mJ):3825.74
1779398290.67783,,,495.0,3831.68,Power(mW):495.00	Total_Energy(mJ):3831.68
1779398290.690113,,,495.0,3837.62,Power(mW):495.00	Total_Energy(mJ):3837.62
1779398290.70238,,,495.0,3844.06,Power(mW):495.00	Total_Energy(mJ):3844.06
1779398290.7146728,,,495.0,3850.0,Power(mW):495.00	Total_Energy(mJ):3850.00
1779398290.7269702,,,495.0,3855.94,Power(mW):495.00	Total_Energy(mJ):3855.94
1779398290.739242,,,496.0,3862.38,Power(mW):496.00	Total_Energy(mJ):3862.38
1779398290.751523,,,496.0,3868.34,Power(mW):496.00	Total_Energy(mJ):3868.34
1779398290.763814,,,496.0,3874.29,Power(mW):496.00	Total_Energy(mJ):3874.29
1779398290.776077,,,495.0,3880.23,Power(mW):495.00	Total_Energy(mJ):3880.23
1779398290.788316,,,500.0,3886.73,Power(mW):500.00	Total_Energy(mJ):3886.73
1779398290.800651,,,500.0,3892.73,Power(mW):500.00	Total_Energy(mJ):3892.73
1779398290.81297,,,495.0,3898.67,Power(mW):495.00	Total_Energy(mJ):3898.67
1779398290.825253,,,496.0,3905.12,Power(mW):496.00	Total_Energy(mJ):3905.12
1779398290.837884,,,495.0,3911.06,Power(mW):495.00	Total_Energy(mJ):3911.06
1779398290.850181,,,496.0,3917.01,Power(mW):496.00	Total_Energy(mJ):3917.01
1779398290.8625019,,,495.0,3922.95,Power(mW):495.00	Total_Energy(mJ):3922.95
1779398290.8747678,,,493.0,3929.36,Power(mW):493.00	Total_Energy(mJ):3929.36
1779398290.8870468,,,501.0,3935.37,Power(mW):501.00	Total_Energy(mJ):3935.37
1779398290.8993301,,,496.0,3941.32,Power(mW):496.00	Total_Energy(mJ):3941.32
1779398290.911603,,,496.0,3947.77,Power(mW):496.00	Total_Energy(mJ):3947.77
1779398290.923877,,,495.0,3953.71,Power(mW):495.00	Total_Energy(mJ):3953.71
1779398290.9361768,,,495.0,3959.65,Power(mW):495.00	Total_Energy(mJ):3959.65
1779398290.948446,,,495.0,3965.59,Power(mW):495.00	Total_Energy(mJ):3965.59
1779398290.9607291,,,495.0,3972.52,Power(mW):495.00	Total_Energy(mJ):3972.52
1779398290.973035,,,478.0,3978.25,Power(mW):478.00	Total_Energy(mJ):3978.25
1779398290.985305,,,498.0,3984.23,Power(mW):498.00	Total_Energy(mJ):3984.23
1779398290.997643,,,495.0,3990.67,Power(mW):495.00	Total_Energy(mJ):3990.67
1779398291.0099132,,,495.0,3996.61,Power(mW):495.00	Total_Energy(mJ):3996.61
1779398291.022203,,,498.0,4002.58,Power(mW):498.00	Total_Energy(mJ):4002.58
1779398291.034432,,,495.0,4008.52,Power(mW):495.00	Total_Energy(mJ):4008.52
1779398291.0468018,,,495.0,4014.96,Power(mW):495.00	Total_Energy(mJ):4014.96
1779398291.0593889,,,496.0,4020.91,Power(mW):496.00	Total_Energy(mJ):4020.91
1779398291.0716841,,,496.0,4026.86,Power(mW):496.00	Total_Energy(mJ):4026.86
1779398291.083978,,,495.0,4033.3,Power(mW):495.00	Total_Energy(mJ):4033.30
1779398291.0962691,,,495.0,4039.24,Power(mW):495.00	Total_Energy(mJ):4039.24
1779398291.1085382,,,495.0,4045.18,Power(mW):495.00	Total_Energy(mJ):4045.18
1779398291.120833,,,495.0,4051.61,Power(mW):495.00	Total_Energy(mJ):4051.61
1779398291.133111,,,495.0,4057.55,Power(mW):495.00	Total_Energy(mJ):4057.55
1779398291.1454022,,,495.0,4063.49,Power(mW):495.00	Total_Energy(mJ):4063.49
1779398291.157706,,,495.0,4069.43,Power(mW):495.00	Total_Energy(mJ):4069.43
1779398291.169996,,,495.0,4075.87,Power(mW):495.00	Total_Energy(mJ):4075.87
1779398291.182268,,,500.0,4081.87,Power(mW):500.00	Total_Energy(mJ):4081.87
1779398291.1945548,,,500.0,4087.87,Power(mW):500.00	Total_Energy(mJ):4087.87
1779398291.206814,,,496.0,4094.31,Power(mW):496.00	Total_Energy(mJ):4094.31
1779398291.219129,,,496.0,4100.27,Power(mW):496.00	Total_Energy(mJ):4100.27
1779398291.2314339,,,496.0,4106.22,Power(mW):496.00	Total_Energy(mJ):4106.22
1779398291.243697,,,498.0,4112.19,Power(mW):498.00	Total_Energy(mJ):4112.19
1779398291.2559779,,,498.0,4118.67,Power(mW):498.00	Total_Energy(mJ):4118.67
1779398291.2682738,,,488.0,4124.52,Power(mW):488.00	Total_Energy(mJ):4124.52
1779398291.280628,,,477.0,4130.25,Power(mW):477.00	Total_Energy(mJ):4130.25
1779398291.292885,,,495.0,4136.68,Power(mW):495.00	Total_Energy(mJ):4136.68
1779398291.3051279,,,498.0,4142.66,Power(mW):498.00	Total_Energy(mJ):4142.66
1779398291.317288,,,500.0,4148.66,Power(mW):500.00	Total_Energy(mJ):4148.66
1779398291.330019,,,495.0,4154.6,Power(mW):495.00	Total_Energy(mJ):4154.60
1779398291.3422852,,,495.0,4161.03,Power(mW):495.00	Total_Energy(mJ):4161.03
1779398291.354665,,,487.0,4166.88,Power(mW):487.00	Total_Energy(mJ):4166.88
1779398291.36696,,,495.0,4172.82,Power(mW):495.00	Total_Energy(mJ):4172.82
1779398291.37921,,,496.0,4179.27,Power(mW):496.00	Total_Energy(mJ):4179.27
1779398291.3915362,,,495.0,4185.21,Power(mW):495.00	Total_Energy(mJ):4185.21
1779398291.4038,,,495.0,4191.15,Power(mW):495.00	Total_Energy(mJ):4191.15
1779398291.4160671,,,495.0,4197.09,Power(mW):495.00	Total_Energy(mJ):4197.09
1779398291.428343,,,495.0,4203.52,Power(mW):495.00	Total_Energy(mJ):4203.52
1779398291.44064,,,495.0,4209.46,Power(mW):495.00	Total_Energy(mJ):4209.46
1779398291.45296,,,495.0,4215.4,Power(mW):495.00	Total_Energy(mJ):4215.40
1779398291.465255,,,495.0,4221.84,Power(mW):495.00	Total_Energy(mJ):4221.84
1779398291.477531,,,495.0,4227.78,Power(mW):495.00	Total_Energy(mJ):4227.78
1779398291.489813,,,495.0,4233.72,Power(mW):495.00	Total_Energy(mJ):4233.72
1779398291.502081,,,500.0,4239.72,Power(mW):500.00	Total_Energy(mJ):4239.72
1779398291.514373,,,500.0,4246.22,Power(mW):500.00	Total_Energy(mJ):4246.22
1779398291.526649,,,496.0,4252.17,Power(mW):496.00	Total_Energy(mJ):4252.17
1779398291.538932,,,495.0,4258.11,Power(mW):495.00	Total_Energy(mJ):4258.11
1779398291.551208,,,495.0,4264.54,Power(mW):495.00	Total_Energy(mJ):4264.54
1779398291.563489,,,495.0,4270.48,Power(mW):495.00	Total_Energy(mJ):4270.48
1779398291.575844,,,495.0,4276.42,Power(mW):495.00	Total_Energy(mJ):4276.42
1779398291.588104,,,478.0,4282.16,Power(mW):478.00	Total_Energy(mJ):4282.16
1779398291.600393,,,495.0,4288.59,Power(mW):495.00	Total_Energy(mJ):4288.59
1779398291.612679,,,500.0,4294.59,Power(mW):500.00	Total_Energy(mJ):4294.59
1779398291.625323,,,495.0,4300.53,Power(mW):495.00	Total_Energy(mJ):4300.53
1779398291.6377091,,,495.0,4306.97,Power(mW):495.00	Total_Energy(mJ):4306.97
1779398291.650028,,,495.0,4312.91,Power(mW):495.00	Total_Energy(mJ):4312.91
1779398291.662455,,,495.0,4318.85,Power(mW):495.00	Total_Energy(mJ):4318.85
1779398291.674691,,,495.0,4324.79,Power(mW):495.00	Total_Energy(mJ):4324.79
1779398291.6868129,,,495.0,4331.22,Power(mW):495.00	Total_Energy(mJ):4331.22
1779398291.699023,,,495.0,4337.16,Power(mW):495.00	Total_Energy(mJ):4337.16
1779398291.7113118,,,492.0,4343.07,Power(mW):492.00	Total_Energy(mJ):4343.07
1779398291.723592,,,496.0,4349.52,Power(mW):496.00	Total_Energy(mJ):4349.52
1779398291.735884,,,495.0,4355.46,Power(mW):495.00	Total_Energy(mJ):4355.46
1779398291.7481549,,,495.0,4361.4,Power(mW):495.00	Total_Energy(mJ):4361.40
1779398291.760481,,,498.0,4367.37,Power(mW):498.00	Total_Energy(mJ):4367.37
1779398291.772741,,,498.0,4373.85,Power(mW):498.00	Total_Energy(mJ):4373.85
1779398291.784996,,,498.0,4379.82,Power(mW):498.00	Total_Energy(mJ):4379.82
1779398291.7973409,,,495.0,4385.76,Power(mW):495.00	Total_Energy(mJ):4385.76
1779398291.809609,,,500.0,4392.76,Power(mW):500.00	Total_Energy(mJ):4392.76
1779398291.821923,,,495.0,4398.7,Power(mW):495.00	Total_Energy(mJ):4398.70
1779398291.834524,,,495.0,4404.64,Power(mW):495.00	Total_Energy(mJ):4404.64
1779398291.8468091,,,496.0,4411.09,Power(mW):496.00	Total_Energy(mJ):4411.09
1779398291.859096,,,495.0,4417.03,Power(mW):495.00	Total_Energy(mJ):4417.03
1779398291.871469,,,495.0,4422.97,Power(mW):495.00	Total_Energy(mJ):4422.97
1779398291.883664,,,496.0,4428.92,Power(mW):496.00	Total_Energy(mJ):4428.92
1779398291.895972,,,477.0,4435.12,Power(mW):477.00	Total_Energy(mJ):4435.12
1779398291.908297,,,495.0,4441.06,Power(mW):495.00	Total_Energy(mJ):4441.06
1779398291.920523,,,495.0,4447.0,Power(mW):495.00	Total_Energy(mJ):4447.00
1779398291.9328299,,,495.0,4453.44,Power(mW):495.00	Total_Energy(mJ):4453.44
1779398291.9451141,,,495.0,4459.38,Power(mW):495.00	Total_Energy(mJ):4459.38
1779398291.957418,,,495.0,4465.32,Power(mW):495.00	Total_Energy(mJ):4465.32
1779398291.969686,,,495.0,4471.26,Power(mW):495.00	Total_Energy(mJ):4471.26
1779398291.981992,,,493.0,4477.67,Power(mW):493.00	Total_Energy(mJ):4477.67
1779398291.9942698,,,496.0,4483.62,Power(mW):496.00	Total_Energy(mJ):4483.62
1779398292.006592,,,496.0,4489.57,Power(mW):496.00	Total_Energy(mJ):4489.57
1779398292.018832,,,500.0,4496.07,Power(mW):500.00	Total_Energy(mJ):4496.07
1779398292.031113,,,495.0,4502.01,Power(mW):495.00	Total_Energy(mJ):4502.01
1779398292.043398,,,493.0,4507.93,Power(mW):493.00	Total_Energy(mJ):4507.93
1779398292.055701,,,495.0,4513.87,Power(mW):495.00	Total_Energy(mJ):4513.87
1779398292.067986,,,495.0,4520.3,Power(mW):495.00	Total_Energy(mJ):4520.30
1779398292.0802639,,,495.0,4526.24,Power(mW):495.00	Total_Energy(mJ):4526.24
1779398292.0925472,,,495.0,4532.18,Power(mW):495.00	Total_Energy(mJ):4532.18
1779398292.104854,,,495.0,4538.62,Power(mW):495.00	Total_Energy(mJ):4538.62
1779398292.117137,,,500.0,4544.62,Power(mW):500.00	Total_Energy(mJ):4544.62
1779398292.1294248,,,495.0,4550.56,Power(mW):495.00	Total_Energy(mJ):4550.56
1779398292.142061,,,495.0,4556.5,Power(mW):495.00	Total_Energy(mJ):4556.50
1779398292.1543481,,,495.0,4562.93,Power(mW):495.00	Total_Energy(mJ):4562.93
1779398292.166641,,,498.0,4568.91,Power(mW):498.00	Total_Energy(mJ):4568.91
1779398292.178923,,,498.0,4574.88,Power(mW):498.00	Total_Energy(mJ):4574.88
1779398292.1911922,,,498.0,4581.36,Power(mW):498.00	Total_Energy(mJ):4581.36
1779398292.2034838,,,475.0,4587.06,Power(mW):475.00	Total_Energy(mJ):4587.06
1779398292.21582,,,496.0,4593.01,Power(mW):496.00	Total_Energy(mJ):4593.01
1779398292.228055,,,495.0,4598.95,Power(mW):495.00	Total_Energy(mJ):4598.95
1779398292.240343,,,495.0,4605.39,Power(mW):495.00	Total_Energy(mJ):4605.39
1779398292.252633,,,495.0,4611.33,Power(mW):495.00	Total_Energy(mJ):4611.33
1779398292.2649531,,,495.0,4617.27,Power(mW):495.00	Total_Energy(mJ):4617.27
1779398292.277455,,,495.0,4623.7,Power(mW):495.00	Total_Energy(mJ):4623.70
1779398292.289744,,,495.0,4629.64,Power(mW):495.00	Total_Energy(mJ):4629.64
1779398292.301952,,,500.0,4635.64,Power(mW):500.00	Total_Energy(mJ):4635.64
1779398292.3141482,,,495.0,4641.58,Power(mW):495.00	Total_Energy(mJ):4641.58
1779398292.3265128,,,495.0,4648.02,Power(mW):495.00	Total_Energy(mJ):4648.02
1779398292.3386502,,,495.0,4653.96,Power(mW):495.00	Total_Energy(mJ):4653.96
1779398292.350797,,,495.0,4659.9,Power(mW):495.00	Total_Energy(mJ):4659.90
1779398292.363384,,,496.0,4666.34,Power(mW):496.00	Total_Energy(mJ):4666.34
1779398292.375534,,,492.0,4672.25,Power(mW):492.00	Total_Energy(mJ):4672.25
1779398292.3878431,,,495.0,4678.19,Power(mW):495.00	Total_Energy(mJ):4678.19
1779398292.400087,,,495.0,4684.13,Power(mW):495.00	Total_Energy(mJ):4684.13
1779398292.412416,,,495.0,4690.56,Power(mW):495.00	Total_Energy(mJ):4690.56
1779398292.4250329,,,492.0,4696.47,Power(mW):492.00	Total_Energy(mJ):4696.47
1779398292.437301,,,495.0,4702.41,Power(mW):495.00	Total_Energy(mJ):4702.41
1779398292.44958,,,495.0,4708.84,Power(mW):495.00	Total_Energy(mJ):4708.84
1779398292.461997,,,495.0,4714.78,Power(mW):495.00	Total_Energy(mJ):4714.78
1779398292.4741771,,,495.0,4720.72,Power(mW):495.00	Total_Energy(mJ):4720.72
1779398292.4864352,,,503.0,4727.26,Power(mW):503.00	Total_Energy(mJ):4727.26
1779398292.498724,,,495.0,4733.2,Power(mW):495.00	Total_Energy(mJ):4733.20
1779398292.511039,,,472.0,4738.86,Power(mW):472.00	Total_Energy(mJ):4738.86
1779398292.5232892,,,496.0,4744.82,Power(mW):496.00	Total_Energy(mJ):4744.82
1779398292.535577,,,495.0,4751.25,Power(mW):495.00	Total_Energy(mJ):4751.25
1779398292.547885,,,495.0,4757.19,Power(mW):495.00	Total_Energy(mJ):4757.19
1779398292.5601761,,,496.0,4763.14,Power(mW):496.00	Total_Energy(mJ):4763.14
1779398292.572473,,,501.0,4769.66,Power(mW):501.00	Total_Energy(mJ):4769.66
1779398292.584861,,,495.0,4775.6,Power(mW):495.00	Total_Energy(mJ):4775.60
1779398292.5971048,,,495.0,4781.54,Power(mW):495.00	Total_Energy(mJ):4781.54
1779398292.609334,,,495.0,4787.48,Power(mW):495.00	Total_Energy(mJ):4787.48
1779398292.621621,,,495.0,4793.91,Power(mW):495.00	Total_Energy(mJ):4793.91
1779398292.633892,,,495.0,4799.85,Power(mW):495.00	Total_Energy(mJ):4799.85
1779398292.646167,,,496.0,4805.8,Power(mW):496.00	Total_Energy(mJ):4805.80
1779398292.658487,,,496.0,4812.25,Power(mW):496.00	Total_Energy(mJ):4812.25
1779398292.670763,,,496.0,4818.2,Power(mW):496.00	Total_Energy(mJ):4818.20
1779398292.683417,,,496.0,4824.16,Power(mW):496.00	Total_Energy(mJ):4824.16
1779398292.6956859,,,495.0,4830.1,Power(mW):495.00	Total_Energy(mJ):4830.10
1779398292.707961,,,495.0,4837.03,Power(mW):495.00	Total_Energy(mJ):4837.03
1779398292.7202702,,,495.0,4842.97,Power(mW):495.00	Total_Energy(mJ):4842.97
1779398292.7327402,,,500.0,4848.97,Power(mW):500.00	Total_Energy(mJ):4848.97
1779398292.744857,,,490.0,4855.34,Power(mW):490.00	Total_Energy(mJ):4855.34
1779398292.7571242,,,495.0,4861.28,Power(mW):495.00	Total_Energy(mJ):4861.28
1779398292.769402,,,495.0,4867.22,Power(mW):495.00	Total_Energy(mJ):4867.22
1779398292.7818,,,496.0,4873.17,Power(mW):496.00	Total_Energy(mJ):4873.17
1779398292.793963,,,495.0,4879.6,Power(mW):495.00	Total_Energy(mJ):4879.60
1779398292.806259,,,495.0,4885.54,Power(mW):495.00	Total_Energy(mJ):4885.54
1779398292.818539,,,480.0,4891.3,Power(mW):480.00	Total_Energy(mJ):4891.30
1779398292.830828,,,496.0,4897.75,Power(mW):496.00	Total_Energy(mJ):4897.75
1779398292.843141,,,495.0,4903.69,Power(mW):495.00	Total_Energy(mJ):4903.69
1779398292.8554199,,,495.0,4909.63,Power(mW):495.00	Total_Energy(mJ):4909.63
1779398292.867701,,,495.0,4915.57,Power(mW):495.00	Total_Energy(mJ):4915.57
1779398292.880002,,,495.0,4922.01,Power(mW):495.00	Total_Energy(mJ):4922.01
1779398292.892278,,,496.0,4927.96,Power(mW):496.00	Total_Energy(mJ):4927.96
1779398292.904555,,,498.0,4933.93,Power(mW):498.00	Total_Energy(mJ):4933.93
1779398292.916828,,,495.0,4940.37,Power(mW):495.00	Total_Energy(mJ):4940.37
1779398292.929156,,,495.0,4946.31,Power(mW):495.00	Total_Energy(mJ):4946.31
1779398292.9418082,,,495.0,4952.25,Power(mW):495.00	Total_Energy(mJ):4952.25
1779398292.954067,,,495.0,4958.19,Power(mW):495.00	Total_Energy(mJ):4958.19
1779398292.9663281,,,495.0,4964.62,Power(mW):495.00	Total_Energy(mJ):4964.62
1779398292.978677,,,495.0,4970.56,Power(mW):495.00	Total_Energy(mJ):4970.56
1779398292.990921,,,496.0,4976.52,Power(mW):496.00	Total_Energy(mJ):4976.52
1779398293.00321,,,495.0,4982.95,Power(mW):495.00	Total_Energy(mJ):4982.95
1779398293.015506,,,495.0,4988.89,Power(mW):495.00	Total_Energy(mJ):4988.89
1779398293.0277572,,,495.0,4994.83,Power(mW):495.00	Total_Energy(mJ):4994.83
1779398293.040077,,,596.0,5001.98,Power(mW):596.00	Total_Energy(mJ):5001.98
1779398293.052365,,,495.0,5008.42,Power(mW):495.00	Total_Energy(mJ):5008.42
1779398293.0646641,,,495.0,5014.36,Power(mW):495.00	Total_Energy(mJ):5014.36
1779398293.0769238,,,495.0,5020.3,Power(mW):495.00	Total_Energy(mJ):5020.30
1779398293.08919,,,496.0,5026.75,Power(mW):496.00	Total_Energy(mJ):5026.75
1779398293.101496,,,495.0,5032.69,Power(mW):495.00	Total_Energy(mJ):5032.69
1779398293.1138198,,,496.0,5038.64,Power(mW):496.00	Total_Energy(mJ):5038.64
1779398293.126112,,,480.0,5044.88,Power(mW):480.00	Total_Energy(mJ):5044.88
1779398293.138284,,,496.0,5050.83,Power(mW):496.00	Total_Energy(mJ):5050.83
1779398293.1505878,,,496.0,5056.78,Power(mW):496.00	Total_Energy(mJ):5056.78
1779398293.162986,,,495.0,5062.72,Power(mW):495.00	Total_Energy(mJ):5062.72
1779398293.1751711,,,496.0,5069.17,Power(mW):496.00	Total_Energy(mJ):5069.17
1779398293.18751,,,495.0,5075.11,Power(mW):495.00	Total_Energy(mJ):5075.11
1779398293.200177,,,495.0,5081.05,Power(mW):495.00	Total_Energy(mJ):5081.05
1779398293.212449,,,495.0,5087.49,Power(mW):495.00	Total_Energy(mJ):5087.49
1779398293.2247171,,,495.0,5093.43,Power(mW):495.00	Total_Energy(mJ):5093.43
1779398293.2370088,,,495.0,5099.37,Power(mW):495.00	Total_Energy(mJ):5099.37
1779398293.249279,,,495.0,5105.31,Power(mW):495.00	Total_Energy(mJ):5105.31
1779398293.261564,,,496.0,5111.75,Power(mW):496.00	Total_Energy(mJ):5111.75
1779398293.27389,,,495.0,5117.69,Power(mW):495.00	Total_Energy(mJ):5117.69
1779398293.286174,,,495.0,5123.63,Power(mW):495.00	Total_Energy(mJ):5123.63
1779398293.298487,,,495.0,5130.07,Power(mW):495.00	Total_Energy(mJ):5130.07
1779398293.310734,,,495.0,5136.01,Power(mW):495.00	Total_Energy(mJ):5136.01
1779398293.3228831,,,498.0,5141.99,Power(mW):498.00	Total_Energy(mJ):5141.99
1779398293.335298,,,495.0,5147.93,Power(mW):495.00	Total_Energy(mJ):5147.93
1779398293.347581,,,498.0,5154.4,Power(mW):498.00	Total_Energy(mJ):5154.40
1779398293.35989,,,495.0,5160.34,Power(mW):495.00	Total_Energy(mJ):5160.34
1779398293.372192,,,495.0,5166.28,Power(mW):495.00	Total_Energy(mJ):5166.28
1779398293.38448,,,495.0,5172.71,Power(mW):495.00	Total_Energy(mJ):5172.71
1779398293.396767,,,495.0,5178.65,Power(mW):495.00	Total_Energy(mJ):5178.65
1779398293.409033,,,495.0,5184.59,Power(mW):495.00	Total_Energy(mJ):5184.59
1779398293.4213178,,,498.0,5190.57,Power(mW):498.00	Total_Energy(mJ):5190.57
1779398293.4335942,,,480.0,5196.81,Power(mW):480.00	Total_Energy(mJ):5196.81
1779398293.445893,,,500.0,5202.81,Power(mW):500.00	Total_Energy(mJ):5202.81
1779398293.458168,,,495.0,5208.75,Power(mW):495.00	Total_Energy(mJ):5208.75
1779398293.47048,,,496.0,5215.2,Power(mW):496.00	Total_Energy(mJ):5215.20
1779398293.483086,,,496.0,5221.15,Power(mW):496.00	Total_Energy(mJ):5221.15
1779398293.4953768,,,496.0,5227.1,Power(mW):496.00	Total_Energy(mJ):5227.10
1779398293.5077,,,495.0,5233.04,Power(mW):495.00	Total_Energy(mJ):5233.04
1779398293.519959,,,495.0,5239.48,Power(mW):495.00	Total_Energy(mJ):5239.48
1779398293.5322418,,,495.0,5245.42,Power(mW):495.00	Total_Energy(mJ):5245.42
1779398293.544544,,,495.0,5251.36,Power(mW):495.00	Total_Energy(mJ):5251.36
1779398293.556798,,,495.0,5257.79,Power(mW):495.00	Total_Energy(mJ):5257.79
1779398293.569082,,,495.0,5264.23,Power(mW):495.00	Total_Energy(mJ):5264.23
1779398293.5813272,,,496.0,5270.18,Power(mW):496.00	Total_Energy(mJ):5270.18
1779398293.593792,,,496.0,5276.13,Power(mW):496.00	Total_Energy(mJ):5276.13
1779398293.6060002,,,492.0,5282.53,Power(mW):492.00	Total_Energy(mJ):5282.53
1779398293.618268,,,495.0,5288.47,Power(mW):495.00	Total_Energy(mJ):5288.47
1779398293.630541,,,495.0,5294.41,Power(mW):495.00	Total_Energy(mJ):5294.41
1779398293.642897,,,495.0,5300.84,Power(mW):495.00	Total_Energy(mJ):5300.84
1779398293.655139,,,495.0,5306.78,Power(mW):495.00	Total_Energy(mJ):5306.78
1779398293.667417,,,495.0,5312.72,Power(mW):495.00	Total_Energy(mJ):5312.72
1779398293.679702,,,495.0,5318.66,Power(mW):495.00	Total_Energy(mJ):5318.66
1779398293.6919749,,,495.0,5325.1,Power(mW):495.00	Total_Energy(mJ):5325.10
1779398293.704254,,,498.0,5331.07,Power(mW):498.00	Total_Energy(mJ):5331.07
1779398293.716535,,,498.0,5337.05,Power(mW):498.00	Total_Energy(mJ):5337.05
1779398293.728825,,,496.0,5343.5,Power(mW):496.00	Total_Energy(mJ):5343.50
1779398293.741109,,,495.0,5349.44,Power(mW):495.00	Total_Energy(mJ):5349.44
1779398293.7537658,,,496.0,5355.39,Power(mW):496.00	Total_Energy(mJ):5355.39
1779398293.766043,,,495.0,5361.83,Power(mW):495.00	Total_Energy(mJ):5361.83
1779398293.778326,,,496.0,5367.78,Power(mW):496.00	Total_Energy(mJ):5367.78
1779398293.790655,,,496.0,5373.73,Power(mW):496.00	Total_Energy(mJ):5373.73
1779398293.802956,,,495.0,5379.67,Power(mW):495.00	Total_Energy(mJ):5379.67
1779398293.8152142,,,495.0,5386.11,Power(mW):495.00	Total_Energy(mJ):5386.11
1779398293.8275,,,495.0,5392.05,Power(mW):495.00	Total_Energy(mJ):5392.05
1779398293.839823,,,498.0,5398.02,Power(mW):498.00	Total_Energy(mJ):5398.02
1779398293.8520472,,,495.0,5404.46,Power(mW):495.00	Total_Energy(mJ):5404.46
1779398293.86434,,,495.0,5410.4,Power(mW):495.00	Total_Energy(mJ):5410.40
1779398293.876605,,,496.0,5416.35,Power(mW):496.00	Total_Energy(mJ):5416.35
1779398293.8889039,,,495.0,5422.29,Power(mW):495.00	Total_Energy(mJ):5422.29
1779398293.901197,,,495.0,5428.72,Power(mW):495.00	Total_Energy(mJ):5428.72
1779398293.913475,,,495.0,5434.66,Power(mW):495.00	Total_Energy(mJ):5434.66
1779398293.925826,,,495.0,5440.6,Power(mW):495.00	Total_Energy(mJ):5440.60
1779398293.938085,,,495.0,5447.04,Power(mW):495.00	Total_Energy(mJ):5447.04
1779398293.9503481,,,495.0,5452.98,Power(mW):495.00	Total_Energy(mJ):5452.98
1779398293.962532,,,498.0,5458.95,Power(mW):498.00	Total_Energy(mJ):5458.95
1779398293.974855,,,490.0,5464.83,Power(mW):490.00	Total_Energy(mJ):5464.83
1779398293.987102,,,477.0,5471.04,Power(mW):477.00	Total_Energy(mJ):5471.04
1779398293.999423,,,475.0,5476.74,Power(mW):475.00	Total_Energy(mJ):5476.74
1779398294.0117178,,,474.0,5482.42,Power(mW):474.00	Total_Energy(mJ):5482.42
1779398294.023985,,,475.0,5488.6,Power(mW):475.00	Total_Energy(mJ):5488.60
1779398294.036261,,,475.0,5494.3,Power(mW):475.00	Total_Energy(mJ):5494.30
1779398294.048576,,,490.0,5500.18,Power(mW):490.00	Total_Energy(mJ):5500.18
1779398294.0608451,,,154.0,5502.03,Power(mW):154.00	Total_Energy(mJ):5502.03
1779398294.0731509,,,154.0,5504.03,Power(mW):154.00	Total_Energy(mJ):5504.03
1779398294.085433,,,156.0,5505.9,Power(mW):156.00	Total_Energy(mJ):5505.90
1779398294.097749,,,154.0,5507.75,Power(mW):154.00	Total_Energy(mJ):5507.75
1779398294.1100311,,,156.0,5509.78,Power(mW):156.00	Total_Energy(mJ):5509.78
1779398294.12269,,,154.0,5511.62,Power(mW):154.00	Total_Energy(mJ):5511.62
1779398294.134964,,,161.0,5513.56,Power(mW):161.00	Total_Energy(mJ):5513.56
1779398294.147226,,,472.0,5519.22,Power(mW):472.00	Total_Energy(mJ):5519.22
1779398294.159504,,,154.0,5521.22,Power(mW):154.00	Total_Energy(mJ):5521.22
1779398294.171825,,,154.0,5523.07,Power(mW):154.00	Total_Energy(mJ):5523.07
1779398294.184182,,,154.0,5524.92,Power(mW):154.00	Total_Energy(mJ):5524.92
1779398294.1964521,,,154.0,5526.92,Power(mW):154.00	Total_Energy(mJ):5526.92
1779398294.208652,,,154.0,5528.77,Power(mW):154.00	Total_Energy(mJ):5528.77
1779398294.221122,,,154.0,5530.62,Power(mW):154.00	Total_Energy(mJ):5530.62
1779398294.233353,,,154.0,5532.47,Power(mW):154.00	Total_Energy(mJ):5532.47
1779398294.245615,,,154.0,5534.47,Power(mW):154.00	Total_Energy(mJ):5534.47
1779398294.257937,,,154.0,5536.32,Power(mW):154.00	Total_Energy(mJ):5536.32
1779398294.270113,,,154.0,5538.16,Power(mW):154.00	Total_Energy(mJ):5538.16
1779398294.282528,,,154.0,5540.17,Power(mW):154.00	Total_Energy(mJ):5540.17
1779398294.29466,,,156.0,5542.04,Power(mW):156.00	Total_Energy(mJ):5542.04
1779398294.306999,,,154.0,5543.89,Power(mW):154.00	Total_Energy(mJ):5543.89
1779398294.319196,,,154.0,5545.73,Power(mW):154.00	Total_Energy(mJ):5545.73
1779398294.331678,,,154.0,5547.74,Power(mW):154.00	Total_Energy(mJ):5547.74
1779398294.3438962,,,154.0,5549.58,Power(mW):154.00	Total_Energy(mJ):5549.58
1779398294.356252,,,536.0,5556.02,Power(mW):536.00	Total_Energy(mJ):5556.02
1779398294.368484,,,154.0,5558.02,Power(mW):154.00	Total_Energy(mJ):5558.02
1779398294.380928,,,154.0,5559.87,Power(mW):154.00	Total_Energy(mJ):5559.87
1779398294.393097,,,154.0,5561.71,Power(mW):154.00	Total_Energy(mJ):5561.71
1779398294.405396,,,154.0,5563.56,Power(mW):154.00	Total_Energy(mJ):5563.56
1779398294.4177768,,,154.0,5565.56,Power(mW):154.00	Total_Energy(mJ):5565.56
1779398294.429954,,,154.0,5567.41,Power(mW):154.00	Total_Energy(mJ):5567.41
1779398294.44223,,,154.0,5569.26,Power(mW):154.00	Total_Energy(mJ):5569.26
1779398294.454507,,,474.0,5575.42,Power(mW):474.00	Total_Energy(mJ):5575.42
1779398294.466902,,,154.0,5577.27,Power(mW):154.00	Total_Energy(mJ):5577.27
1779398294.479321,,,157.0,5579.16,Power(mW):157.00	Total_Energy(mJ):5579.16
